timestamp,date,hour,building_id,control_mode,setpoint_adj,ac_kwh,optimized_ac_kwh,ac_saved_kwh,comfort_score,predicted_peak,pre_cool_window,predicted_peak_proba,action
2025-07-02 00:00:00,2025-07-02,0,RES_EP_001,normal,-1.0,0.623,0.623,0.0,0.292,0,0,0.0,Normal: lower setpoint 1.0°C (high humidity/heat)
2025-07-02 01:00:00,2025-07-02,1,RES_EP_001,normal,-1.0,0.589,0.589,0.0,0.272,0,0,0.0,Normal: lower setpoint 1.0°C (high humidity/heat)
2025-07-02 02:00:00,2025-07-02,2,RES_EP_001,normal,-1.0,0.488,0.488,0.0,0.267,0,0,0.0,Normal: lower setpoint 1.0°C (high humidity/heat)
2025-07-02 03:00:00,2025-07-02,3,RES_EP_001,normal,-1.0,0.254,0.254,0.0,0.261,0,0,0.0,Normal: lower setpoint 1.0°C (high humidity/heat)
2025-07-02 04:00:00,2025-07-02,4,RES_EP_001,normal,-1.0,0.315,0.315,0.0,0.226,0,0,0.0,Normal: lower setpoint 1.0°C (high humidity/heat)
2025-07-02 05:00:00,2025-07-02,5,RES_EP_001,normal,-1.0,0.504,0.504,0.0,0.295,0,0,0.0,Normal: lower setpoint 1.0°C (high humidity/heat)
2025-07-02 06:00:00,2025-07-02,6,RES_EP_001,normal,-1.0,0.197,0.197,0.0,0.346,0,0,0.0,Normal: lower setpoint 1.0°C (high humidity/heat)
2025-07-02 07:00:00,2025-07-02,7,RES_EP_001,normal,-1.0,0.283,0.283,0.0,0.457,0,0,0.0,Normal: lower setpoint 1.0°C (high humidity/heat)
2025-07-02 08:00:00,2025-07-02,8,RES_EP_001,normal,-1.0,0.373,0.373,0.0,0.599,0,0,0.0,Normal: lower setpoint 1.0°C (high humidity/heat)
2025-07-02 09:00:00,2025-07-02,9,RES_EP_001,normal,-1.0,1.162,1.162,0.0,0.727,0,0,0.0,Normal: lower setpoint 1.0°C (high humidity/heat)
2025-07-02 10:00:00,2025-07-02,10,RES_EP_001,pre_cool,-1.0,1.695,1.845,0.0,0.771,0,1,0.0,Pre-cool: lower setpoint 1.0°C (peak in ≤2h)
2025-07-02 11:00:00,2025-07-02,11,RES_EP_001,pre_cool,-1.0,2.264,2.414,0.0,0.908,0,1,0.03,Pre-cool: lower setpoint 1.0°C (peak in ≤2h)
2025-07-02 12:00:00,2025-07-02,12,RES_EP_001,comfort_override,-0.5,2.73,2.73,0.0,0.92,1,1,0.98,Comfort override: hold cooling (humidity too high)
2025-07-02 13:00:00,2025-07-02,13,RES_EP_001,peak_reduce,1.0,2.582,1.9365,0.6455,1.0,1,1,1.0,Peak reduce: raise setpoint 1.0°C (cut 25% load)
2025-07-02 14:00:00,2025-07-02,14,RES_EP_001,peak_reduce,1.0,2.547,1.9103,0.6367,1.0,1,1,1.0,Peak reduce: raise setpoint 1.0°C (cut 25% load)
2025-07-02 15:00:00,2025-07-02,15,RES_EP_001,peak_reduce,1.0,2.586,1.9395,0.6465,1.0,1,1,1.0,Peak reduce: raise setpoint 1.0°C (cut 25% load)
2025-07-02 16:00:00,2025-07-02,16,RES_EP_001,peak_reduce,1.0,2.404,1.803,0.601,1.0,1,1,1.0,Peak reduce: raise setpoint 1.0°C (cut 25% load)
2025-07-02 17:00:00,2025-07-02,17,RES_EP_001,peak_reduce,1.0,2.037,1.5277,0.5093,1.0,1,1,1.0,Peak reduce: raise setpoint 1.0°C (cut 25% load)
2025-07-02 18:00:00,2025-07-02,18,RES_EP_001,comfort_override,-0.5,1.735,1.735,0.0,0.905,1,0,0.92,Comfort override: hold cooling (humidity too high)
2025-07-02 19:00:00,2025-07-02,19,RES_EP_001,normal,-1.0,0.699,0.699,0.0,0.902,0,0,0.01,Normal: lower setpoint 1.0°C (high humidity/heat)
2025-07-02 20:00:00,2025-07-02,20,RES_EP_001,normal,-1.0,0.137,0.137,0.0,0.789,0,0,0.01,Normal: lower setpoint 1.0°C (high humidity/heat)
2025-07-02 21:00:00,2025-07-02,21,RES_EP_001,normal,-1.0,0.396,0.396,0.0,0.661,0,0,0.0,Normal: lower setpoint 1.0°C (high humidity/heat)
2025-07-02 22:00:00,2025-07-02,22,RES_EP_001,normal,-1.0,0.261,0.261,0.0,0.557,0,0,0.0,Normal: lower setpoint 1.0°C (high humidity/heat)
2025-07-02 23:00:00,2025-07-02,23,RES_EP_001,normal,-1.0,0.859,0.859,0.0,0.459,0,0,0.0,Normal: lower setpoint 1.0°C (high humidity/heat)
2025-07-03 00:00:00,2025-07-03,0,RES_EP_001,normal,-1.0,0.315,0.315,0.0,0.369,0,0,0.0,Normal: lower setpoint 1.0°C (high humidity/heat)
2025-07-03 01:00:00,2025-07-03,1,RES_EP_001,normal,-1.0,0.57,0.57,0.0,0.27,0,0,0.0,Normal: lower setpoint 1.0°C (high humidity/heat)
2025-07-03 02:00:00,2025-07-03,2,RES_EP_001,normal,-1.0,0.378,0.378,0.0,0.242,0,0,0.0,Normal: lower setpoint 1.0°C (high humidity/heat)
2025-07-03 03:00:00,2025-07-03,3,RES_EP_001,normal,-1.0,0.245,0.245,0.0,0.123,0,0,0.0,Normal: lower setpoint 1.0°C (high humidity/heat)
2025-07-03 04:00:00,2025-07-03,4,RES_EP_001,normal,-1.0,0.192,0.192,0.0,0.118,0,0,0.0,Normal: lower setpoint 1.0°C (high humidity/heat)
2025-07-03 05:00:00,2025-07-03,5,RES_EP_001,normal,-1.0,0.559,0.559,0.0,0.242,0,0,0.0,Normal: lower setpoint 1.0°C (high humidity/heat)
2025-07-03 06:00:00,2025-07-03,6,RES_EP_001,normal,-1.0,0.369,0.369,0.0,0.461,0,0,0.0,Normal: lower setpoint 1.0°C (high humidity/heat)
2025-07-03 07:00:00,2025-07-03,7,RES_EP_001,normal,-1.0,0.708,0.708,0.0,0.458,0,0,0.0,Normal: lower setpoint 1.0°C (high humidity/heat)
2025-07-03 08:00:00,2025-07-03,8,RES_EP_001,normal,-1.0,0.04,0.04,0.0,0.585,0,0,0.0,Normal: lower setpoint 1.0°C (high humidity/heat)
2025-07-03 09:00:00,2025-07-03,9,RES_EP_001,normal,-1.0,1.281,1.281,0.0,0.669,0,0,0.0,Normal: lower setpoint 1.0°C (high humidity/heat)
2025-07-03 10:00:00,2025-07-03,10,RES_EP_001,pre_cool,-1.0,1.775,1.925,0.0,0.799,0,1,0.0,Pre-cool: lower setpoint 1.0°C (peak in ≤2h)
2025-07-03 11:00:00,2025-07-03,11,RES_EP_001,pre_cool,-1.0,2.314,2.464,0.0,0.888,0,1,0.04,Pre-cool: lower setpoint 1.0°C (peak in ≤2h)
2025-07-03 12:00:00,2025-07-03,12,RES_EP_001,comfort_override,-0.5,2.483,2.483,0.0,0.932,1,1,1.0,Comfort override: hold cooling (humidity too high)
2025-07-03 13:00:00,2025-07-03,13,RES_EP_001,peak_reduce,1.0,2.996,2.247,0.749,1.0,1,1,1.0,Peak reduce: raise setpoint 1.0°C (cut 25% load)
2025-07-03 14:00:00,2025-07-03,14,RES_EP_001,peak_reduce,1.0,2.94,2.205,0.735,1.0,1,1,1.0,Peak reduce: raise setpoint 1.0°C (cut 25% load)
2025-07-03 15:00:00,2025-07-03,15,RES_EP_001,peak_reduce,1.0,2.865,2.1488,0.7162,1.0,1,1,1.0,Peak reduce: raise setpoint 1.0°C (cut 25% load)
2025-07-03 16:00:00,2025-07-03,16,RES_EP_001,peak_reduce,1.0,2.456,1.842,0.614,1.0,1,1,1.0,Peak reduce: raise setpoint 1.0°C (cut 25% load)
2025-07-03 17:00:00,2025-07-03,17,RES_EP_001,peak_reduce,1.0,2.226,1.6695,0.5565,1.0,1,1,1.0,Peak reduce: raise setpoint 1.0°C (cut 25% load)
2025-07-03 18:00:00,2025-07-03,18,RES_EP_001,peak_reduce,1.0,1.568,1.176,0.392,0.979,1,0,0.98,Peak reduce: raise setpoint 1.0°C (cut 25% load)
2025-07-03 19:00:00,2025-07-03,19,RES_EP_001,normal,-1.0,0.937,0.937,0.0,0.92,0,0,0.0,Normal: lower setpoint 1.0°C (high humidity/heat)
2025-07-03 20:00:00,2025-07-03,20,RES_EP_001,normal,-1.0,0.0,0.0,0.0,0.78,0,0,0.0,Normal: lower setpoint 1.0°C (high humidity/heat)
2025-07-03 21:00:00,2025-07-03,21,RES_EP_001,normal,-1.0,0.236,0.236,0.0,0.733,0,0,0.0,Normal: lower setpoint 1.0°C (high humidity/heat)
2025-07-03 22:00:00,2025-07-03,22,RES_EP_001,normal,-1.0,0.595,0.595,0.0,0.479,0,0,0.0,Normal: lower setpoint 1.0°C (high humidity/heat)
2025-07-03 23:00:00,2025-07-03,23,RES_EP_001,normal,-1.0,0.434,0.434,0.0,0.444,0,0,0.0,Normal: lower setpoint 1.0°C (high humidity/heat)
2025-07-04 00:00:00,2025-07-04,0,RES_EP_001,normal,-1.0,0.66,0.66,0.0,0.312,0,0,0.0,Normal: lower setpoint 1.0°C (high humidity/heat)
2025-07-04 01:00:00,2025-07-04,1,RES_EP_001,normal,-1.0,0.714,0.714,0.0,0.213,0,0,0.0,Normal: lower setpoint 1.0°C (high humidity/heat)
2025-07-04 02:00:00,2025-07-04,2,RES_EP_001,normal,-1.0,0.606,0.606,0.0,0.173,0,0,0.0,Normal: lower setpoint 1.0°C (high humidity/heat)
2025-07-04 03:00:00,2025-07-04,3,RES_EP_001,normal,-1.0,0.879,0.879,0.0,0.15,0,0,0.0,Normal: lower setpoint 1.0°C (high humidity/heat)
2025-07-04 04:00:00,2025-07-04,4,RES_EP_001,normal,-1.0,0.766,0.766,0.0,0.145,0,0,0.0,Normal: lower setpoint 1.0°C (high humidity/heat)
2025-07-04 05:00:00,2025-07-04,5,RES_EP_001,normal,-1.0,0.408,0.408,0.0,0.198,0,0,0.0,Normal: lower setpoint 1.0°C (high humidity/heat)
2025-07-04 06:00:00,2025-07-04,6,RES_EP_001,normal,-1.0,0.603,0.603,0.0,0.341,0,0,0.0,Normal: lower setpoint 1.0°C (high humidity/heat)
2025-07-04 07:00:00,2025-07-04,7,RES_EP_001,normal,-1.0,0.244,0.244,0.0,0.436,0,0,0.0,Normal: lower setpoint 1.0°C (high humidity/heat)
2025-07-04 08:00:00,2025-07-04,8,RES_EP_001,normal,-1.0,0.0,0.0,0.0,0.516,0,0,0.0,Normal: lower setpoint 1.0°C (high humidity/heat)
2025-07-04 09:00:00,2025-07-04,9,RES_EP_001,normal,-1.0,0.853,0.853,0.0,0.643,0,0,0.0,Normal: lower setpoint 1.0°C (high humidity/heat)
2025-07-04 10:00:00,2025-07-04,10,RES_EP_001,pre_cool,-1.0,1.991,2.141,0.0,0.787,0,1,0.0,Pre-cool: lower setpoint 1.0°C (peak in ≤2h)
2025-07-04 11:00:00,2025-07-04,11,RES_EP_001,pre_cool,-1.0,2.903,3.053,0.0,0.876,0,1,0.0,Pre-cool: lower setpoint 1.0°C (peak in ≤2h)
2025-07-04 12:00:00,2025-07-04,12,RES_EP_001,comfort_override,-0.5,3.444,3.444,0.0,0.96,1,1,1.0,Comfort override: hold cooling (humidity too high)
2025-07-04 13:00:00,2025-07-04,13,RES_EP_001,comfort_override,-0.5,3.533,3.533,0.0,0.928,1,1,1.0,Comfort override: hold cooling (humidity too high)
2025-07-04 14:00:00,2025-07-04,14,RES_EP_001,comfort_override,-0.5,3.279,3.279,0.0,0.992,1,1,1.0,Comfort override: hold cooling (humidity too high)
2025-07-04 15:00:00,2025-07-04,15,RES_EP_001,peak_reduce,1.0,3.002,2.2515,0.7505,1.0,1,1,1.0,Peak reduce: raise setpoint 1.0°C (cut 25% load)
2025-07-04 16:00:00,2025-07-04,16,RES_EP_001,peak_reduce,1.0,3.397,2.5477,0.8493,1.0,1,1,1.0,Peak reduce: raise setpoint 1.0°C (cut 25% load)
2025-07-04 17:00:00,2025-07-04,17,RES_EP_001,peak_reduce,1.0,2.507,1.8803,0.6267,1.0,1,1,1.0,Peak reduce: raise setpoint 1.0°C (cut 25% load)
2025-07-04 18:00:00,2025-07-04,18,RES_EP_001,comfort_override,-0.5,1.933,1.933,0.0,0.988,1,0,1.0,Comfort override: hold cooling (humidity too high)
2025-07-04 19:00:00,2025-07-04,19,RES_EP_001,normal,-1.0,0.871,0.871,0.0,0.84,0,0,0.04,Normal: lower setpoint 1.0°C (high humidity/heat)
2025-07-04 20:00:00,2025-07-04,20,RES_EP_001,normal,-1.0,0.0,0.0,0.0,0.791,0,0,0.0,Normal: lower setpoint 1.0°C (high humidity/heat)
2025-07-04 21:00:00,2025-07-04,21,RES_EP_001,normal,-1.0,0.863,0.863,0.0,0.681,0,0,0.0,Normal: lower setpoint 1.0°C (high humidity/heat)
2025-07-04 22:00:00,2025-07-04,22,RES_EP_001,normal,-1.0,0.477,0.477,0.0,0.525,0,0,0.0,Normal: lower setpoint 1.0°C (high humidity/heat)
2025-07-04 23:00:00,2025-07-04,23,RES_EP_001,normal,-1.0,0.437,0.437,0.0,0.355,0,0,0.0,Normal: lower setpoint 1.0°C (high humidity/heat)
2025-07-05 00:00:00,2025-07-05,0,RES_EP_001,normal,-1.0,0.251,0.251,0.0,0.356,0,0,0.0,Normal: lower setpoint 1.0°C (high humidity/heat)
2025-07-05 01:00:00,2025-07-05,1,RES_EP_001,normal,-1.0,0.706,0.706,0.0,0.172,0,0,0.0,Normal: lower setpoint 1.0°C (high humidity/heat)
2025-07-05 02:00:00,2025-07-05,2,RES_EP_001,normal,-1.0,0.594,0.594,0.0,0.046,0,0,0.0,Normal: lower setpoint 1.0°C (high humidity/heat)
2025-07-05 03:00:00,2025-07-05,3,RES_EP_001,normal,-1.0,0.427,0.427,0.0,0.192,0,0,0.0,Normal: lower setpoint 1.0°C (high humidity/heat)
2025-07-05 04:00:00,2025-07-05,4,RES_EP_001,normal,-1.0,0.91,0.91,0.0,0.218,0,0,0.0,Normal: lower setpoint 1.0°C (high humidity/heat)
2025-07-05 05:00:00,2025-07-05,5,RES_EP_001,normal,-1.0,0.59,0.59,0.0,0.19,0,0,0.0,Normal: lower setpoint 1.0°C (high humidity/heat)
2025-07-05 06:00:00,2025-07-05,6,RES_EP_001,normal,-1.0,0.36,0.36,0.0,0.342,0,0,0.0,Normal: lower setpoint 1.0°C (high humidity/heat)
2025-07-05 07:00:00,2025-07-05,7,RES_EP_001,normal,-1.0,0.379,0.379,0.0,0.436,0,0,0.0,Normal: lower setpoint 1.0°C (high humidity/heat)
2025-07-05 08:00:00,2025-07-05,8,RES_EP_001,normal,-1.0,0.054,0.054,0.0,0.541,0,0,0.0,Normal: lower setpoint 1.0°C (high humidity/heat)
2025-07-05 09:00:00,2025-07-05,9,RES_EP_001,normal,-1.0,1.27,1.27,0.0,0.648,0,0,0.0,Normal: lower setpoint 1.0°C (high humidity/heat)
2025-07-05 10:00:00,2025-07-05,10,RES_EP_001,pre_cool,-1.0,1.913,2.063,0.0,0.813,0,1,0.0,Pre-cool: lower setpoint 1.0°C (peak in ≤2h)
2025-07-05 11:00:00,2025-07-05,11,RES_EP_001,pre_cool,-1.0,2.727,2.877,0.0,0.904,0,1,0.14,Pre-cool: lower setpoint 1.0°C (peak in ≤2h)
2025-07-05 12:00:00,2025-07-05,12,RES_EP_001,comfort_override,-0.5,2.998,2.998,0.0,0.968,1,1,1.0,Comfort override: hold cooling (humidity too high)
2025-07-05 13:00:00,2025-07-05,13,RES_EP_001,comfort_override,-0.5,3.596,3.596,0.0,0.988,1,1,1.0,Comfort override: hold cooling (humidity too high)
2025-07-05 14:00:00,2025-07-05,14,RES_EP_001,peak_reduce,1.0,3.274,2.4555,0.8185,1.0,1,1,1.0,Peak reduce: raise setpoint 1.0°C (cut 25% load)
2025-07-05 15:00:00,2025-07-05,15,RES_EP_001,peak_reduce,1.0,3.294,2.4705,0.8235,1.0,1,1,1.0,Peak reduce: raise setpoint 1.0°C (cut 25% load)
2025-07-05 16:00:00,2025-07-05,16,RES_EP_001,peak_reduce,1.0,2.912,2.184,0.728,1.0,1,1,1.0,Peak reduce: raise setpoint 1.0°C (cut 25% load)
2025-07-05 17:00:00,2025-07-05,17,RES_EP_001,comfort_override,-0.5,2.813,2.813,0.0,0.972,1,1,1.0,Comfort override: hold cooling (humidity too high)
2025-07-05 18:00:00,2025-07-05,18,RES_EP_001,peak_reduce,1.0,1.453,1.0897,0.3633,0.991,1,0,1.0,Peak reduce: raise setpoint 1.0°C (cut 25% load)
2025-07-05 19:00:00,2025-07-05,19,RES_EP_001,normal,-1.0,1.247,1.247,0.0,0.852,0,0,0.08,Normal: lower setpoint 1.0°C (high humidity/heat)
2025-07-05 20:00:00,2025-07-05,20,RES_EP_001,normal,-1.0,0.068,0.068,0.0,0.749,0,0,0.0,Normal: lower setpoint 1.0°C (high humidity/heat)
2025-07-05 21:00:00,2025-07-05,21,RES_EP_001,normal,-1.0,0.529,0.529,0.0,0.534,0,0,0.0,Normal: lower setpoint 1.0°C (high humidity/heat)
2025-07-05 22:00:00,2025-07-05,22,RES_EP_001,normal,-1.0,0.672,0.672,0.0,0.533,0,0,0.0,Normal: lower setpoint 1.0°C (high humidity/heat)
2025-07-05 23:00:00,2025-07-05,23,RES_EP_001,normal,-1.0,0.632,0.632,0.0,0.394,0,0,0.0,Normal: lower setpoint 1.0°C (high humidity/heat)
2025-07-06 00:00:00,2025-07-06,0,RES_EP_001,normal,-1.0,0.517,0.517,0.0,0.26,0,0,0.0,Normal: lower setpoint 1.0°C (high humidity/heat)
2025-07-06 01:00:00,2025-07-06,1,RES_EP_001,normal,-1.0,0.731,0.731,0.0,0.207,0,0,0.0,Normal: lower setpoint 1.0°C (high humidity/heat)
2025-07-06 02:00:00,2025-07-06,2,RES_EP_001,normal,-1.0,0.687,0.687,0.0,0.096,0,0,0.0,Normal: lower setpoint 1.0°C (high humidity/heat)
2025-07-06 03:00:00,2025-07-06,3,RES_EP_001,normal,-1.0,0.225,0.225,0.0,0.194,0,0,0.0,Normal: lower setpoint 1.0°C (high humidity/heat)
2025-07-06 04:00:00,2025-07-06,4,RES_EP_001,normal,-1.0,0.646,0.646,0.0,0.146,0,0,0.0,Normal: lower setpoint 1.0°C (high humidity/heat)
2025-07-06 05:00:00,2025-07-06,5,RES_EP_001,normal,-1.0,0.612,0.612,0.0,0.14,0,0,0.0,Normal: lower setpoint 1.0°C (high humidity/heat)
2025-07-06 06:00:00,2025-07-06,6,RES_EP_001,normal,-1.0,0.919,0.919,0.0,0.309,0,0,0.0,Normal: lower setpoint 1.0°C (high humidity/heat)
2025-07-06 07:00:00,2025-07-06,7,RES_EP_001,normal,-1.0,0.522,0.522,0.0,0.431,0,0,0.0,Normal: lower setpoint 1.0°C (high humidity/heat)
2025-07-06 08:00:00,2025-07-06,8,RES_EP_001,normal,-1.0,0.0,0.0,0.0,0.533,0,0,0.0,Normal: lower setpoint 1.0°C (high humidity/heat)
2025-07-06 09:00:00,2025-07-06,9,RES_EP_001,normal,-1.0,1.065,1.065,0.0,0.709,0,0,0.0,Normal: lower setpoint 1.0°C (high humidity/heat)
2025-07-06 10:00:00,2025-07-06,10,RES_EP_001,pre_cool,-1.0,1.558,1.708,0.0,0.778,0,1,0.0,Pre-cool: lower setpoint 1.0°C (peak in ≤2h)
2025-07-06 11:00:00,2025-07-06,11,RES_EP_001,pre_cool,-1.0,2.874,3.024,0.0,0.794,0,1,0.01,Pre-cool: lower setpoint 1.0°C (peak in ≤2h)
2025-07-06 12:00:00,2025-07-06,12,RES_EP_001,comfort_override,-0.5,3.38,3.38,0.0,0.894,1,1,0.92,Comfort override: hold cooling (humidity too high)
2025-07-06 13:00:00,2025-07-06,13,RES_EP_001,peak_reduce,1.0,3.314,2.4855,0.8285,1.0,1,1,1.0,Peak reduce: raise setpoint 1.0°C (cut 25% load)
2025-07-06 14:00:00,2025-07-06,14,RES_EP_001,comfort_override,-0.5,2.949,2.949,0.0,0.988,1,1,1.0,Comfort override: hold cooling (humidity too high)
2025-07-06 15:00:00,2025-07-06,15,RES_EP_001,peak_reduce,1.0,2.974,2.2305,0.7435,1.0,1,1,1.0,Peak reduce: raise setpoint 1.0°C (cut 25% load)
2025-07-06 16:00:00,2025-07-06,16,RES_EP_001,comfort_override,-0.5,3.281,3.281,0.0,0.996,1,1,1.0,Comfort override: hold cooling (humidity too high)
2025-07-06 17:00:00,2025-07-06,17,RES_EP_001,peak_reduce,1.0,2.318,1.7385,0.5795,1.0,1,1,1.0,Peak reduce: raise setpoint 1.0°C (cut 25% load)
2025-07-06 18:00:00,2025-07-06,18,RES_EP_001,comfort_override,-0.5,1.895,1.895,0.0,0.914,1,0,0.99,Comfort override: hold cooling (humidity too high)
2025-07-06 19:00:00,2025-07-06,19,RES_EP_001,normal,-1.0,1.16,1.16,0.0,0.835,0,0,0.06,Normal: lower setpoint 1.0°C (high humidity/heat)
2025-07-06 20:00:00,2025-07-06,20,RES_EP_001,normal,-1.0,0.0,0.0,0.0,0.719,0,0,0.0,Normal: lower setpoint 1.0°C (high humidity/heat)
2025-07-06 21:00:00,2025-07-06,21,RES_EP_001,normal,-1.0,0.213,0.213,0.0,0.636,0,0,0.0,Normal: lower setpoint 1.0°C (high humidity/heat)
2025-07-06 22:00:00,2025-07-06,22,RES_EP_001,normal,-1.0,0.544,0.544,0.0,0.502,0,0,0.0,Normal: lower setpoint 1.0°C (high humidity/heat)
2025-07-06 23:00:00,2025-07-06,23,RES_EP_001,normal,-1.0,0.531,0.531,0.0,0.373,0,0,0.0,Normal: lower setpoint 1.0°C (high humidity/heat)
2025-07-07 00:00:00,2025-07-07,0,RES_EP_001,normal,-1.0,0.399,0.399,0.0,0.267,0,0,0.0,Normal: lower setpoint 1.0°C (high humidity/heat)
2025-07-07 01:00:00,2025-07-07,1,RES_EP_001,normal,-1.0,0.21,0.21,0.0,0.239,0,0,0.0,Normal: lower setpoint 1.0°C (high humidity/heat)
2025-07-07 02:00:00,2025-07-07,2,RES_EP_001,normal,-1.0,0.497,0.497,0.0,0.153,0,0,0.0,Normal: lower setpoint 1.0°C (high humidity/heat)
2025-07-07 03:00:00,2025-07-07,3,RES_EP_001,normal,-1.0,0.526,0.526,0.0,0.175,0,0,0.0,Normal: lower setpoint 1.0°C (high humidity/heat)
2025-07-07 04:00:00,2025-07-07,4,RES_EP_001,normal,-1.0,0.688,0.688,0.0,0.196,0,0,0.0,Normal: lower setpoint 1.0°C (high humidity/heat)
2025-07-07 05:00:00,2025-07-07,5,RES_EP_001,normal,-1.0,0.814,0.814,0.0,0.185,0,0,0.0,Normal: lower setpoint 1.0°C (high humidity/heat)
2025-07-07 06:00:00,2025-07-07,6,RES_EP_001,normal,-1.0,0.314,0.314,0.0,0.376,0,0,0.0,Normal: lower setpoint 1.0°C (high humidity/heat)
2025-07-07 07:00:00,2025-07-07,7,RES_EP_001,normal,-1.0,0.308,0.308,0.0,0.413,0,0,0.0,Normal: lower setpoint 1.0°C (high humidity/heat)
2025-07-07 08:00:00,2025-07-07,8,RES_EP_001,normal,-1.0,0.0,0.0,0.0,0.525,0,0,0.0,Normal: lower setpoint 1.0°C (high humidity/heat)
2025-07-07 09:00:00,2025-07-07,9,RES_EP_001,normal,-1.0,0.856,0.856,0.0,0.655,0,0,0.0,Normal: lower setpoint 1.0°C (high humidity/heat)
2025-07-07 10:00:00,2025-07-07,10,RES_EP_001,pre_cool,-1.0,1.78,1.93,0.0,0.745,0,1,0.0,Pre-cool: lower setpoint 1.0°C (peak in ≤2h)
2025-07-07 11:00:00,2025-07-07,11,RES_EP_001,pre_cool,-1.0,2.461,2.611,0.0,0.868,0,1,0.03,Pre-cool: lower setpoint 1.0°C (peak in ≤2h)
2025-07-07 12:00:00,2025-07-07,12,RES_EP_001,comfort_override,-0.5,2.602,2.602,0.0,0.952,1,1,0.97,Comfort override: hold cooling (humidity too high)
2025-07-07 13:00:00,2025-07-07,13,RES_EP_001,comfort_override,-0.5,2.988,2.988,0.0,0.968,1,1,1.0,Comfort override: hold cooling (humidity too high)
2025-07-07 14:00:00,2025-07-07,14,RES_EP_001,peak_reduce,1.0,2.859,2.1442,0.7148,1.0,1,1,1.0,Peak reduce: raise setpoint 1.0°C (cut 25% load)
2025-07-07 15:00:00,2025-07-07,15,RES_EP_001,peak_reduce,1.0,2.709,2.0318,0.6772,1.0,1,1,1.0,Peak reduce: raise setpoint 1.0°C (cut 25% load)
2025-07-07 16:00:00,2025-07-07,16,RES_EP_001,peak_reduce,1.0,2.571,1.9283,0.6427,1.0,1,1,1.0,Peak reduce: raise setpoint 1.0°C (cut 25% load)
2025-07-07 17:00:00,2025-07-07,17,RES_EP_001,peak_reduce,1.0,2.387,1.7902,0.5968,0.997,1,1,1.0,Peak reduce: raise setpoint 1.0°C (cut 25% load)
2025-07-07 18:00:00,2025-07-07,18,RES_EP_001,comfort_override,-0.5,1.871,1.871,0.0,0.898,1,0,0.99,Comfort override: hold cooling (humidity too high)
2025-07-07 19:00:00,2025-07-07,19,RES_EP_001,normal,-1.0,0.802,0.802,0.0,0.816,0,0,0.03,Normal: lower setpoint 1.0°C (high humidity/heat)
2025-07-07 20:00:00,2025-07-07,20,RES_EP_001,normal,-1.0,0.316,0.316,0.0,0.7,0,0,0.0,Normal: lower setpoint 1.0°C (high humidity/heat)
2025-07-07 21:00:00,2025-07-07,21,RES_EP_001,normal,-1.0,0.13,0.13,0.0,0.626,0,0,0.0,Normal: lower setpoint 1.0°C (high humidity/heat)
2025-07-07 22:00:00,2025-07-07,22,RES_EP_001,normal,-1.0,0.413,0.413,0.0,0.536,0,0,0.0,Normal: lower setpoint 1.0°C (high humidity/heat)
2025-07-07 23:00:00,2025-07-07,23,RES_EP_001,normal,-1.0,0.657,0.657,0.0,0.359,0,0,0.0,Normal: lower setpoint 1.0°C (high humidity/heat)
2025-07-08 00:00:00,2025-07-08,0,RES_EP_001,normal,-1.0,0.246,0.246,0.0,0.265,0,0,0.0,Normal: lower setpoint 1.0°C (high humidity/heat)
2025-07-08 01:00:00,2025-07-08,1,RES_EP_001,normal,-1.0,0.544,0.544,0.0,0.189,0,0,0.0,Normal: lower setpoint 1.0°C (high humidity/heat)
2025-07-08 02:00:00,2025-07-08,2,RES_EP_001,normal,-1.0,0.359,0.359,0.0,0.199,0,0,0.0,Normal: lower setpoint 1.0°C (high humidity/heat)
2025-07-08 03:00:00,2025-07-08,3,RES_EP_001,normal,-1.0,0.776,0.776,0.0,0.141,0,0,0.0,Normal: lower setpoint 1.0°C (high humidity/heat)
2025-07-08 04:00:00,2025-07-08,4,RES_EP_001,normal,-1.0,0.371,0.371,0.0,0.185,0,0,0.0,Normal: lower setpoint 1.0°C (high humidity/heat)
2025-07-08 05:00:00,2025-07-08,5,RES_EP_001,normal,-1.0,0.777,0.777,0.0,0.255,0,0,0.0,Normal: lower setpoint 1.0°C (high humidity/heat)
2025-07-08 06:00:00,2025-07-08,6,RES_EP_001,normal,-1.0,0.505,0.505,0.0,0.336,0,0,0.0,Normal: lower setpoint 1.0°C (high humidity/heat)
2025-07-08 07:00:00,2025-07-08,7,RES_EP_001,normal,-1.0,0.151,0.151,0.0,0.43,0,0,0.0,Normal: lower setpoint 1.0°C (high humidity/heat)
2025-07-08 08:00:00,2025-07-08,8,RES_EP_001,normal,-1.0,0.0,0.0,0.0,0.538,0,0,0.0,Normal: lower setpoint 1.0°C (high humidity/heat)
2025-07-08 09:00:00,2025-07-08,9,RES_EP_001,normal,-1.0,1.114,1.114,0.0,0.644,0,0,0.0,Normal: lower setpoint 1.0°C (high humidity/heat)
2025-07-08 10:00:00,2025-07-08,10,RES_EP_001,pre_cool,-1.0,1.953,2.103,0.0,0.736,0,1,0.0,Pre-cool: lower setpoint 1.0°C (peak in ≤2h)
2025-07-08 11:00:00,2025-07-08,11,RES_EP_001,pre_cool,-1.0,2.355,2.505,0.0,0.83,0,1,0.01,Pre-cool: lower setpoint 1.0°C (peak in ≤2h)
2025-07-08 12:00:00,2025-07-08,12,RES_EP_001,comfort_override,-0.5,2.664,2.664,0.0,0.944,1,1,0.94,Comfort override: hold cooling (humidity too high)
2025-07-08 13:00:00,2025-07-08,13,RES_EP_001,comfort_override,-0.5,2.556,2.556,0.0,0.988,1,1,1.0,Comfort override: hold cooling (humidity too high)
2025-07-08 14:00:00,2025-07-08,14,RES_EP_001,peak_reduce,1.0,2.871,2.1532,0.7178,1.0,1,1,1.0,Peak reduce: raise setpoint 1.0°C (cut 25% load)
2025-07-08 15:00:00,2025-07-08,15,RES_EP_001,peak_reduce,1.0,2.685,2.0137,0.6713,1.0,1,1,1.0,Peak reduce: raise setpoint 1.0°C (cut 25% load)
2025-07-08 16:00:00,2025-07-08,16,RES_EP_001,peak_reduce,1.0,2.725,2.0438,0.6812,1.0,1,1,1.0,Peak reduce: raise setpoint 1.0°C (cut 25% load)
2025-07-08 17:00:00,2025-07-08,17,RES_EP_001,peak_reduce,1.0,2.426,1.8195,0.6065,1.0,1,1,1.0,Peak reduce: raise setpoint 1.0°C (cut 25% load)
2025-07-08 18:00:00,2025-07-08,18,RES_EP_001,peak_reduce,1.0,1.633,1.2248,0.4082,0.982,1,0,1.0,Peak reduce: raise setpoint 1.0°C (cut 25% load)
2025-07-08 19:00:00,2025-07-08,19,RES_EP_001,normal,-1.0,0.645,0.645,0.0,0.86,0,0,0.02,Normal: lower setpoint 1.0°C (high humidity/heat)
2025-07-08 20:00:00,2025-07-08,20,RES_EP_001,normal,-1.0,0.369,0.369,0.0,0.724,0,0,0.0,Normal: lower setpoint 1.0°C (high humidity/heat)
2025-07-08 21:00:00,2025-07-08,21,RES_EP_001,normal,-1.0,0.379,0.379,0.0,0.679,0,0,0.0,Normal: lower setpoint 1.0°C (high humidity/heat)
2025-07-08 22:00:00,2025-07-08,22,RES_EP_001,normal,-1.0,0.173,0.173,0.0,0.494,0,0,0.0,Normal: lower setpoint 1.0°C (high humidity/heat)
2025-07-08 23:00:00,2025-07-08,23,RES_EP_001,normal,-1.0,0.521,0.521,0.0,0.35,0,0,0.0,Normal: lower setpoint 1.0°C (high humidity/heat)
2025-07-09 00:00:00,2025-07-09,0,RES_EP_001,normal,-1.0,0.598,0.598,0.0,0.269,0,0,0.0,Normal: lower setpoint 1.0°C (high humidity/heat)
2025-07-09 01:00:00,2025-07-09,1,RES_EP_001,normal,-1.0,0.466,0.466,0.0,0.195,0,0,0.0,Normal: lower setpoint 1.0°C (high humidity/heat)
2025-07-09 02:00:00,2025-07-09,2,RES_EP_001,normal,-1.0,0.483,0.483,0.0,0.149,0,0,0.0,Normal: lower setpoint 1.0°C (high humidity/heat)
2025-07-09 03:00:00,2025-07-09,3,RES_EP_001,normal,-1.0,0.654,0.654,0.0,0.178,0,0,0.0,Normal: lower setpoint 1.0°C (high humidity/heat)
2025-07-09 04:00:00,2025-07-09,4,RES_EP_001,normal,-1.0,0.381,0.381,0.0,0.248,0,0,0.0,Normal: lower setpoint 1.0°C (high humidity/heat)
2025-07-09 05:00:00,2025-07-09,5,RES_EP_001,normal,-1.0,0.619,0.619,0.0,0.264,0,0,0.0,Normal: lower setpoint 1.0°C (high humidity/heat)
2025-07-09 06:00:00,2025-07-09,6,RES_EP_001,normal,-1.0,0.443,0.443,0.0,0.352,0,0,0.0,Normal: lower setpoint 1.0°C (high humidity/heat)
2025-07-09 07:00:00,2025-07-09,7,RES_EP_001,normal,-1.0,0.468,0.468,0.0,0.427,0,0,0.0,Normal: lower setpoint 1.0°C (high humidity/heat)
2025-07-09 08:00:00,2025-07-09,8,RES_EP_001,normal,-1.0,0.36,0.36,0.0,0.577,0,0,0.0,Normal: lower setpoint 1.0°C (high humidity/heat)
2025-07-09 09:00:00,2025-07-09,9,RES_EP_001,normal,-1.0,1.013,1.013,0.0,0.603,0,0,0.0,Normal: lower setpoint 1.0°C (high humidity/heat)
2025-07-09 10:00:00,2025-07-09,10,RES_EP_001,pre_cool,-1.0,1.983,2.133,0.0,0.751,0,1,0.0,Pre-cool: lower setpoint 1.0°C (peak in ≤2h)
2025-07-09 11:00:00,2025-07-09,11,RES_EP_001,pre_cool,-1.0,2.762,2.912,0.0,0.855,0,1,0.06,Pre-cool: lower setpoint 1.0°C (peak in ≤2h)
2025-07-09 12:00:00,2025-07-09,12,RES_EP_001,comfort_override,-0.5,2.499,2.499,0.0,0.968,1,1,0.99,Comfort override: hold cooling (humidity too high)
2025-07-09 13:00:00,2025-07-09,13,RES_EP_001,peak_reduce,1.0,2.788,2.091,0.697,1.0,1,1,1.0,Peak reduce: raise setpoint 1.0°C (cut 25% load)
2025-07-09 14:00:00,2025-07-09,14,RES_EP_001,peak_reduce,1.0,2.927,2.1953,0.7317,1.0,1,1,1.0,Peak reduce: raise setpoint 1.0°C (cut 25% load)
2025-07-09 15:00:00,2025-07-09,15,RES_EP_001,peak_reduce,1.0,2.691,2.0183,0.6727,1.0,1,1,1.0,Peak reduce: raise setpoint 1.0°C (cut 25% load)
2025-07-09 16:00:00,2025-07-09,16,RES_EP_001,peak_reduce,1.0,2.389,1.7917,0.5973,1.0,1,1,1.0,Peak reduce: raise setpoint 1.0°C (cut 25% load)
2025-07-09 17:00:00,2025-07-09,17,RES_EP_001,peak_reduce,1.0,2.124,1.593,0.531,0.994,1,1,1.0,Peak reduce: raise setpoint 1.0°C (cut 25% load)
2025-07-09 18:00:00,2025-07-09,18,RES_EP_001,comfort_override,-0.5,1.533,1.533,0.0,0.89,1,0,0.93,Comfort override: hold cooling (humidity too high)
2025-07-09 19:00:00,2025-07-09,19,RES_EP_001,normal,-1.0,0.868,0.868,0.0,0.901,0,0,0.0,Normal: lower setpoint 1.0°C (high humidity/heat)
2025-07-09 20:00:00,2025-07-09,20,RES_EP_001,normal,-1.0,0.23,0.23,0.0,0.818,0,0,0.0,Normal: lower setpoint 1.0°C (high humidity/heat)
2025-07-09 21:00:00,2025-07-09,21,RES_EP_001,normal,-1.0,0.134,0.134,0.0,0.674,0,0,0.0,Normal: lower setpoint 1.0°C (high humidity/heat)
2025-07-09 22:00:00,2025-07-09,22,RES_EP_001,normal,-1.0,0.41,0.41,0.0,0.511,0,0,0.0,Normal: lower setpoint 1.0°C (high humidity/heat)
2025-07-09 23:00:00,2025-07-09,23,RES_EP_001,normal,-1.0,0.643,0.643,0.0,0.428,0,0,0.0,Normal: lower setpoint 1.0°C (high humidity/heat)
2025-07-10 00:00:00,2025-07-10,0,RES_EP_001,normal,-1.0,0.748,0.748,0.0,0.375,0,0,0.0,Normal: lower setpoint 1.0°C (high humidity/heat)
2025-07-10 01:00:00,2025-07-10,1,RES_EP_001,normal,-1.0,0.406,0.406,0.0,0.264,0,0,0.0,Normal: lower setpoint 1.0°C (high humidity/heat)
2025-07-10 02:00:00,2025-07-10,2,RES_EP_001,normal,-1.0,0.692,0.692,0.0,0.178,0,0,0.0,Normal: lower setpoint 1.0°C (high humidity/heat)
2025-07-10 03:00:00,2025-07-10,3,RES_EP_001,normal,-1.0,0.467,0.467,0.0,0.197,0,0,0.0,Normal: lower setpoint 1.0°C (high humidity/heat)
2025-07-10 04:00:00,2025-07-10,4,RES_EP_001,normal,-1.0,0.629,0.629,0.0,0.183,0,0,0.0,Normal: lower setpoint 1.0°C (high humidity/heat)
2025-07-10 05:00:00,2025-07-10,5,RES_EP_001,normal,-1.0,0.64,0.64,0.0,0.308,0,0,0.0,Normal: lower setpoint 1.0°C (high humidity/heat)
2025-07-10 06:00:00,2025-07-10,6,RES_EP_001,normal,-1.0,0.681,0.681,0.0,0.28,0,0,0.0,Normal: lower setpoint 1.0°C (high humidity/heat)
2025-07-10 07:00:00,2025-07-10,7,RES_EP_001,normal,-1.0,0.387,0.387,0.0,0.425,0,0,0.0,Normal: lower setpoint 1.0°C (high humidity/heat)
2025-07-10 08:00:00,2025-07-10,8,RES_EP_001,normal,-1.0,0.481,0.481,0.0,0.551,0,0,0.0,Normal: lower setpoint 1.0°C (high humidity/heat)
2025-07-10 09:00:00,2025-07-10,9,RES_EP_001,normal,-1.0,1.114,1.114,0.0,0.63,0,0,0.0,Normal: lower setpoint 1.0°C (high humidity/heat)
2025-07-10 10:00:00,2025-07-10,10,RES_EP_001,pre_cool,-1.0,1.693,1.843,0.0,0.817,0,1,0.0,Pre-cool: lower setpoint 1.0°C (peak in ≤2h)
2025-07-10 11:00:00,2025-07-10,11,RES_EP_001,pre_cool,-1.0,2.287,2.437,0.0,0.865,0,1,0.01,Pre-cool: lower setpoint 1.0°C (peak in ≤2h)
2025-07-10 12:00:00,2025-07-10,12,RES_EP_001,comfort_override,-0.5,2.579,2.579,0.0,0.936,1,1,1.0,Comfort override: hold cooling (humidity too high)
2025-07-10 13:00:00,2025-07-10,13,RES_EP_001,peak_reduce,1.0,2.505,1.8787,0.6263,1.0,1,1,1.0,Peak reduce: raise setpoint 1.0°C (cut 25% load)
2025-07-10 14:00:00,2025-07-10,14,RES_EP_001,peak_reduce,1.0,2.463,1.8473,0.6157,1.0,1,1,1.0,Peak reduce: raise setpoint 1.0°C (cut 25% load)
2025-07-10 15:00:00,2025-07-10,15,RES_EP_001,peak_reduce,1.0,2.655,1.9912,0.6638,1.0,1,1,1.0,Peak reduce: raise setpoint 1.0°C (cut 25% load)
2025-07-10 16:00:00,2025-07-10,16,RES_EP_001,peak_reduce,1.0,2.08,1.56,0.52,1.0,1,1,1.0,Peak reduce: raise setpoint 1.0°C (cut 25% load)
2025-07-10 17:00:00,2025-07-10,17,RES_EP_001,peak_reduce,1.0,2.276,1.707,0.569,1.0,1,1,1.0,Peak reduce: raise setpoint 1.0°C (cut 25% load)
2025-07-10 18:00:00,2025-07-10,18,RES_EP_001,comfort_override,-0.5,1.61,1.61,0.0,0.959,1,0,0.92,Comfort override: hold cooling (humidity too high)
2025-07-10 19:00:00,2025-07-10,19,RES_EP_001,normal,-1.0,0.516,0.516,0.0,0.916,0,0,0.0,Normal: lower setpoint 1.0°C (high humidity/heat)
2025-07-10 20:00:00,2025-07-10,20,RES_EP_001,normal,-1.0,0.184,0.184,0.0,0.731,0,0,0.0,Normal: lower setpoint 1.0°C (high humidity/heat)
2025-07-10 21:00:00,2025-07-10,21,RES_EP_001,normal,-1.0,0.189,0.189,0.0,0.655,0,0,0.0,Normal: lower setpoint 1.0°C (high humidity/heat)
2025-07-10 22:00:00,2025-07-10,22,RES_EP_001,normal,-1.0,0.441,0.441,0.0,0.54,0,0,0.0,Normal: lower setpoint 1.0°C (high humidity/heat)
2025-07-10 23:00:00,2025-07-10,23,RES_EP_001,normal,-1.0,0.119,0.119,0.0,0.421,0,0,0.0,Normal: lower setpoint 1.0°C (high humidity/heat)
2025-07-11 00:00:00,2025-07-11,0,RES_EP_001,normal,-1.0,0.592,0.592,0.0,0.33,0,0,0.0,Normal: lower setpoint 1.0°C (high humidity/heat)
2025-07-11 01:00:00,2025-07-11,1,RES_EP_001,normal,-1.0,0.585,0.585,0.0,0.278,0,0,0.0,Normal: lower setpoint 1.0°C (high humidity/heat)
2025-07-11 02:00:00,2025-07-11,2,RES_EP_001,normal,-1.0,0.432,0.432,0.0,0.224,0,0,0.0,Normal: lower setpoint 1.0°C (high humidity/heat)
2025-07-11 03:00:00,2025-07-11,3,RES_EP_001,normal,-1.0,0.321,0.321,0.0,0.214,0,0,0.0,Normal: lower setpoint 1.0°C (high humidity/heat)
2025-07-11 04:00:00,2025-07-11,4,RES_EP_001,normal,-1.0,0.505,0.505,0.0,0.231,0,0,0.0,Normal: lower setpoint 1.0°C (high humidity/heat)
2025-07-11 05:00:00,2025-07-11,5,RES_EP_001,normal,-1.0,0.379,0.379,0.0,0.3,0,0,0.0,Normal: lower setpoint 1.0°C (high humidity/heat)
2025-07-11 06:00:00,2025-07-11,6,RES_EP_001,normal,-1.0,0.497,0.497,0.0,0.34,0,0,0.0,Normal: lower setpoint 1.0°C (high humidity/heat)
2025-07-11 07:00:00,2025-07-11,7,RES_EP_001,normal,-1.0,0.407,0.407,0.0,0.393,0,0,0.0,Normal: lower setpoint 1.0°C (high humidity/heat)
2025-07-11 08:00:00,2025-07-11,8,RES_EP_001,normal,-1.0,0.336,0.336,0.0,0.578,0,0,0.0,Normal: lower setpoint 1.0°C (high humidity/heat)
2025-07-11 09:00:00,2025-07-11,9,RES_EP_001,normal,-1.0,1.08,1.08,0.0,0.666,0,0,0.0,Normal: lower setpoint 1.0°C (high humidity/heat)
2025-07-11 10:00:00,2025-07-11,10,RES_EP_001,pre_cool,-1.0,1.838,1.988,0.0,0.876,0,1,0.0,Pre-cool: lower setpoint 1.0°C (peak in ≤2h)
2025-07-11 11:00:00,2025-07-11,11,RES_EP_001,pre_cool,-1.0,2.665,2.815,0.0,0.944,0,1,0.14,Pre-cool: lower setpoint 1.0°C (peak in ≤2h)
2025-07-11 12:00:00,2025-07-11,12,RES_EP_001,comfort_override,-0.5,3.393,3.393,0.0,0.984,1,1,1.0,Comfort override: hold cooling (humidity too high)
2025-07-11 13:00:00,2025-07-11,13,RES_EP_001,peak_reduce,1.0,3.364,2.523,0.841,1.0,1,1,1.0,Peak reduce: raise setpoint 1.0°C (cut 25% load)
2025-07-11 14:00:00,2025-07-11,14,RES_EP_001,peak_reduce,1.0,3.022,2.2665,0.7555,1.0,1,1,1.0,Peak reduce: raise setpoint 1.0°C (cut 25% load)
2025-07-11 15:00:00,2025-07-11,15,RES_EP_001,peak_reduce,1.0,3.253,2.4398,0.8132,1.0,1,1,1.0,Peak reduce: raise setpoint 1.0°C (cut 25% load)
2025-07-11 16:00:00,2025-07-11,16,RES_EP_001,peak_reduce,1.0,2.874,2.1555,0.7185,1.0,1,1,1.0,Peak reduce: raise setpoint 1.0°C (cut 25% load)
2025-07-11 17:00:00,2025-07-11,17,RES_EP_001,peak_reduce,1.0,1.975,1.4813,0.4937,1.0,1,1,1.0,Peak reduce: raise setpoint 1.0°C (cut 25% load)
2025-07-11 18:00:00,2025-07-11,18,RES_EP_001,comfort_override,-0.5,1.911,1.911,0.0,0.937,1,0,0.94,Comfort override: hold cooling (humidity too high)
2025-07-11 19:00:00,2025-07-11,19,RES_EP_001,normal,-1.0,1.209,1.209,0.0,0.912,0,0,0.02,Normal: lower setpoint 1.0°C (high humidity/heat)
2025-07-11 20:00:00,2025-07-11,20,RES_EP_001,normal,-1.0,0.0,0.0,0.0,0.794,0,0,0.0,Normal: lower setpoint 1.0°C (high humidity/heat)
2025-07-11 21:00:00,2025-07-11,21,RES_EP_001,normal,-1.0,0.47,0.47,0.0,0.69,0,0,0.0,Normal: lower setpoint 1.0°C (high humidity/heat)
2025-07-11 22:00:00,2025-07-11,22,RES_EP_001,normal,-1.0,0.497,0.497,0.0,0.51,0,0,0.0,Normal: lower setpoint 1.0°C (high humidity/heat)
2025-07-11 23:00:00,2025-07-11,23,RES_EP_001,normal,-1.0,0.536,0.536,0.0,0.386,0,0,0.0,Normal: lower setpoint 1.0°C (high humidity/heat)
2025-07-12 00:00:00,2025-07-12,0,RES_EP_001,normal,-1.0,0.403,0.403,0.0,0.415,0,0,0.0,Normal: lower setpoint 1.0°C (high humidity/heat)
2025-07-12 01:00:00,2025-07-12,1,RES_EP_001,normal,-1.0,0.542,0.542,0.0,0.288,0,0,0.0,Normal: lower setpoint 1.0°C (high humidity/heat)
2025-07-12 02:00:00,2025-07-12,2,RES_EP_001,normal,-1.0,0.367,0.367,0.0,0.303,0,0,0.0,Normal: lower setpoint 1.0°C (high humidity/heat)
2025-07-12 03:00:00,2025-07-12,3,RES_EP_001,normal,-1.0,0.864,0.864,0.0,0.262,0,0,0.0,Normal: lower setpoint 1.0°C (high humidity/heat)
2025-07-12 04:00:00,2025-07-12,4,RES_EP_001,normal,-1.0,0.592,0.592,0.0,0.236,0,0,0.0,Normal: lower setpoint 1.0°C (high humidity/heat)
2025-07-12 05:00:00,2025-07-12,5,RES_EP_001,normal,-1.0,0.457,0.457,0.0,0.343,0,0,0.0,Normal: lower setpoint 1.0°C (high humidity/heat)
2025-07-12 06:00:00,2025-07-12,6,RES_EP_001,normal,-1.0,0.717,0.717,0.0,0.365,0,0,0.0,Normal: lower setpoint 1.0°C (high humidity/heat)
2025-07-12 07:00:00,2025-07-12,7,RES_EP_001,normal,-1.0,0.244,0.244,0.0,0.551,0,0,0.0,Normal: lower setpoint 1.0°C (high humidity/heat)
2025-07-12 08:00:00,2025-07-12,8,RES_EP_001,normal,-1.0,0.0,0.0,0.0,0.697,0,0,0.0,Normal: lower setpoint 1.0°C (high humidity/heat)
2025-07-12 09:00:00,2025-07-12,9,RES_EP_001,normal,-1.0,1.133,1.133,0.0,0.738,0,0,0.0,Normal: lower setpoint 1.0°C (high humidity/heat)
2025-07-12 10:00:00,2025-07-12,10,RES_EP_001,pre_cool,-1.0,1.857,2.007,0.0,0.88,0,1,0.0,Pre-cool: lower setpoint 1.0°C (peak in ≤2h)
2025-07-12 11:00:00,2025-07-12,11,RES_EP_001,pre_cool,-1.0,2.743,2.893,0.0,0.984,0,1,0.09,Pre-cool: lower setpoint 1.0°C (peak in ≤2h)
2025-07-12 12:00:00,2025-07-12,12,RES_EP_001,comfort_override,-0.5,2.822,2.822,0.0,0.98,1,1,1.0,Comfort override: hold cooling (humidity too high)
2025-07-12 13:00:00,2025-07-12,13,RES_EP_001,peak_reduce,1.0,3.404,2.553,0.851,1.0,1,1,1.0,Peak reduce: raise setpoint 1.0°C (cut 25% load)
2025-07-12 14:00:00,2025-07-12,14,RES_EP_001,peak_reduce,1.0,3.188,2.391,0.797,1.0,1,1,1.0,Peak reduce: raise setpoint 1.0°C (cut 25% load)
2025-07-12 15:00:00,2025-07-12,15,RES_EP_001,peak_reduce,1.0,2.734,2.0505,0.6835,1.0,1,1,1.0,Peak reduce: raise setpoint 1.0°C (cut 25% load)
2025-07-12 16:00:00,2025-07-12,16,RES_EP_001,peak_reduce,1.0,2.952,2.214,0.738,1.0,1,1,1.0,Peak reduce: raise setpoint 1.0°C (cut 25% load)
2025-07-12 17:00:00,2025-07-12,17,RES_EP_001,peak_reduce,1.0,2.122,1.5915,0.5305,1.0,1,1,1.0,Peak reduce: raise setpoint 1.0°C (cut 25% load)
2025-07-12 18:00:00,2025-07-12,18,RES_EP_001,comfort_override,-0.5,1.949,1.949,0.0,0.988,1,0,0.99,Comfort override: hold cooling (humidity too high)
2025-07-12 19:00:00,2025-07-12,19,RES_EP_001,normal,-1.0,1.009,1.009,0.0,0.935,0,0,0.06,Normal: lower setpoint 1.0°C (high humidity/heat)
2025-07-12 20:00:00,2025-07-12,20,RES_EP_001,normal,-1.0,0.0,0.0,0.0,0.783,0,0,0.0,Normal: lower setpoint 1.0°C (high humidity/heat)
2025-07-12 21:00:00,2025-07-12,21,RES_EP_001,normal,-1.0,0.852,0.852,0.0,0.793,0,0,0.0,Normal: lower setpoint 1.0°C (high humidity/heat)
2025-07-12 22:00:00,2025-07-12,22,RES_EP_001,normal,-1.0,0.541,0.541,0.0,0.598,0,0,0.0,Normal: lower setpoint 1.0°C (high humidity/heat)
2025-07-12 23:00:00,2025-07-12,23,RES_EP_001,normal,-1.0,0.482,0.482,0.0,0.462,0,0,0.0,Normal: lower setpoint 1.0°C (high humidity/heat)
2025-07-13 00:00:00,2025-07-13,0,RES_EP_001,normal,-1.0,0.631,0.631,0.0,0.37,0,0,0.0,Normal: lower setpoint 1.0°C (high humidity/heat)
2025-07-13 01:00:00,2025-07-13,1,RES_EP_001,normal,-1.0,0.59,0.59,0.0,0.285,0,0,0.0,Normal: lower setpoint 1.0°C (high humidity/heat)
2025-07-13 02:00:00,2025-07-13,2,RES_EP_001,normal,-1.0,0.447,0.447,0.0,0.298,0,0,0.0,Normal: lower setpoint 1.0°C (high humidity/heat)
2025-07-13 03:00:00,2025-07-13,3,RES_EP_001,normal,-1.0,0.626,0.626,0.0,0.244,0,0,0.0,Normal: lower setpoint 1.0°C (high humidity/heat)
2025-07-13 04:00:00,2025-07-13,4,RES_EP_001,normal,-1.0,0.674,0.674,0.0,0.236,0,0,0.0,Normal: lower setpoint 1.0°C (high humidity/heat)
2025-07-13 05:00:00,2025-07-13,5,RES_EP_001,normal,-1.0,0.798,0.798,0.0,0.32,0,0,0.0,Normal: lower setpoint 1.0°C (high humidity/heat)
2025-07-13 06:00:00,2025-07-13,6,RES_EP_001,normal,-1.0,0.387,0.387,0.0,0.464,0,0,0.0,Normal: lower setpoint 1.0°C (high humidity/heat)
2025-07-13 07:00:00,2025-07-13,7,RES_EP_001,normal,-1.0,0.712,0.712,0.0,0.57,0,0,0.0,Normal: lower setpoint 1.0°C (high humidity/heat)
2025-07-13 08:00:00,2025-07-13,8,RES_EP_001,normal,-1.0,0.0,0.0,0.0,0.67,0,0,0.0,Normal: lower setpoint 1.0°C (high humidity/heat)
2025-07-13 09:00:00,2025-07-13,9,RES_EP_001,normal,-1.0,1.435,1.435,0.0,0.768,0,0,0.0,Normal: lower setpoint 1.0°C (high humidity/heat)
2025-07-13 10:00:00,2025-07-13,10,RES_EP_001,pre_cool,-1.0,1.516,1.666,0.0,0.936,0,1,0.0,Pre-cool: lower setpoint 1.0°C (peak in ≤2h)
2025-07-13 11:00:00,2025-07-13,11,RES_EP_001,pre_cool,-1.0,2.455,2.605,0.0,0.904,0,1,0.07,Pre-cool: lower setpoint 1.0°C (peak in ≤2h)
2025-07-13 12:00:00,2025-07-13,12,RES_EP_001,comfort_override,-0.5,3.266,3.266,0.0,0.952,1,1,0.93,Comfort override: hold cooling (humidity too high)
2025-07-13 13:00:00,2025-07-13,13,RES_EP_001,peak_reduce,1.0,2.939,2.2043,0.7347,1.0,1,1,1.0,Peak reduce: raise setpoint 1.0°C (cut 25% load)
2025-07-13 14:00:00,2025-07-13,14,RES_EP_001,peak_reduce,1.0,2.895,2.1713,0.7237,1.0,1,1,1.0,Peak reduce: raise setpoint 1.0°C (cut 25% load)
2025-07-13 15:00:00,2025-07-13,15,RES_EP_001,peak_reduce,1.0,3.212,2.409,0.803,1.0,1,1,1.0,Peak reduce: raise setpoint 1.0°C (cut 25% load)
2025-07-13 16:00:00,2025-07-13,16,RES_EP_001,peak_reduce,1.0,2.93,2.1975,0.7325,1.0,1,1,1.0,Peak reduce: raise setpoint 1.0°C (cut 25% load)
2025-07-13 17:00:00,2025-07-13,17,RES_EP_001,peak_reduce,1.0,2.698,2.0235,0.6745,1.0,1,1,1.0,Peak reduce: raise setpoint 1.0°C (cut 25% load)
2025-07-13 18:00:00,2025-07-13,18,RES_EP_001,peak_reduce,1.0,1.793,1.3447,0.4483,1.0,1,0,1.0,Peak reduce: raise setpoint 1.0°C (cut 25% load)
2025-07-13 19:00:00,2025-07-13,19,RES_EP_001,normal,0.0,0.749,0.749,0.0,0.967,0,0,0.17,Normal: hold current setpoint
2025-07-13 20:00:00,2025-07-13,20,RES_EP_001,normal,-1.0,0.332,0.332,0.0,0.818,0,0,0.0,Normal: lower setpoint 1.0°C (high humidity/heat)
2025-07-13 21:00:00,2025-07-13,21,RES_EP_001,normal,-1.0,0.238,0.238,0.0,0.745,0,0,0.0,Normal: lower setpoint 1.0°C (high humidity/heat)
2025-07-13 22:00:00,2025-07-13,22,RES_EP_001,normal,-1.0,0.465,0.465,0.0,0.565,0,0,0.0,Normal: lower setpoint 1.0°C (high humidity/heat)
2025-07-13 23:00:00,2025-07-13,23,RES_EP_001,normal,-1.0,0.445,0.445,0.0,0.551,0,0,0.0,Normal: lower setpoint 1.0°C (high humidity/heat)
2025-07-14 00:00:00,2025-07-14,0,RES_EP_001,normal,-1.0,0.731,0.731,0.0,0.441,0,0,0.0,Normal: lower setpoint 1.0°C (high humidity/heat)
2025-07-14 01:00:00,2025-07-14,1,RES_EP_001,normal,-1.0,0.0,0.0,0.0,0.388,0,0,0.0,Normal: lower setpoint 1.0°C (high humidity/heat)
2025-07-14 02:00:00,2025-07-14,2,RES_EP_001,normal,-1.0,0.47,0.47,0.0,0.31,0,0,0.0,Normal: lower setpoint 1.0°C (high humidity/heat)
2025-07-14 03:00:00,2025-07-14,3,RES_EP_001,normal,-1.0,0.6,0.6,0.0,0.372,0,0,0.0,Normal: lower setpoint 1.0°C (high humidity/heat)
2025-07-14 04:00:00,2025-07-14,4,RES_EP_001,normal,-1.0,0.537,0.537,0.0,0.362,0,0,0.0,Normal: lower setpoint 1.0°C (high humidity/heat)
2025-07-14 05:00:00,2025-07-14,5,RES_EP_001,normal,-1.0,0.281,0.281,0.0,0.417,0,0,0.0,Normal: lower setpoint 1.0°C (high humidity/heat)
2025-07-14 06:00:00,2025-07-14,6,RES_EP_001,normal,-1.0,0.495,0.495,0.0,0.502,0,0,0.0,Normal: lower setpoint 1.0°C (high humidity/heat)
2025-07-14 07:00:00,2025-07-14,7,RES_EP_001,normal,-1.0,0.173,0.173,0.0,0.602,0,0,0.0,Normal: lower setpoint 1.0°C (high humidity/heat)
2025-07-14 08:00:00,2025-07-14,8,RES_EP_001,normal,-1.0,0.0,0.0,0.0,0.666,0,0,0.0,Normal: lower setpoint 1.0°C (high humidity/heat)
2025-07-14 09:00:00,2025-07-14,9,RES_EP_001,normal,-1.0,0.833,0.833,0.0,0.834,0,0,0.01,Normal: lower setpoint 1.0°C (high humidity/heat)
2025-07-14 10:00:00,2025-07-14,10,RES_EP_001,pre_cool,-1.0,1.426,1.576,0.0,0.924,0,1,0.0,Pre-cool: lower setpoint 1.0°C (peak in ≤2h)
2025-07-14 11:00:00,2025-07-14,11,RES_EP_001,pre_cool,-1.0,1.982,2.132,0.0,0.968,0,1,0.02,Pre-cool: lower setpoint 1.0°C (peak in ≤2h)
2025-07-14 12:00:00,2025-07-14,12,RES_EP_001,peak_reduce,1.0,2.332,1.749,0.583,1.0,1,1,0.89,Peak reduce: raise setpoint 1.0°C (cut 25% load)
2025-07-14 13:00:00,2025-07-14,13,RES_EP_001,peak_reduce,1.0,2.48,1.86,0.62,1.0,1,1,1.0,Peak reduce: raise setpoint 1.0°C (cut 25% load)
2025-07-14 14:00:00,2025-07-14,14,RES_EP_001,peak_reduce,1.0,2.524,1.893,0.631,1.0,1,1,1.0,Peak reduce: raise setpoint 1.0°C (cut 25% load)
2025-07-14 15:00:00,2025-07-14,15,RES_EP_001,peak_reduce,1.0,2.229,1.6718,0.5572,1.0,1,1,1.0,Peak reduce: raise setpoint 1.0°C (cut 25% load)
2025-07-14 16:00:00,2025-07-14,16,RES_EP_001,peak_reduce,1.0,1.946,1.4595,0.4865,1.0,1,1,1.0,Peak reduce: raise setpoint 1.0°C (cut 25% load)
2025-07-14 17:00:00,2025-07-14,17,RES_EP_001,peak_reduce,1.0,1.89,1.4175,0.4725,1.0,1,1,1.0,Peak reduce: raise setpoint 1.0°C (cut 25% load)
2025-07-14 18:00:00,2025-07-14,18,RES_EP_001,peak_reduce,1.0,1.348,1.011,0.337,1.0,1,0,0.96,Peak reduce: raise setpoint 1.0°C (cut 25% load)
2025-07-14 19:00:00,2025-07-14,19,RES_EP_001,normal,-1.0,0.954,0.954,0.0,0.912,0,0,0.0,Normal: lower setpoint 1.0°C (high humidity/heat)
2025-07-14 20:00:00,2025-07-14,20,RES_EP_001,normal,-1.0,0.034,0.034,0.0,0.894,0,0,0.0,Normal: lower setpoint 1.0°C (high humidity/heat)
2025-07-14 21:00:00,2025-07-14,21,RES_EP_001,normal,-1.0,0.62,0.62,0.0,0.773,0,0,0.0,Normal: lower setpoint 1.0°C (high humidity/heat)
2025-07-14 22:00:00,2025-07-14,22,RES_EP_001,normal,-1.0,0.628,0.628,0.0,0.728,0,0,0.0,Normal: lower setpoint 1.0°C (high humidity/heat)
2025-07-14 23:00:00,2025-07-14,23,RES_EP_001,normal,-1.0,0.57,0.57,0.0,0.577,0,0,0.0,Normal: lower setpoint 1.0°C (high humidity/heat)
2025-07-15 00:00:00,2025-07-15,0,RES_EP_001,normal,-1.0,0.34,0.34,0.0,0.497,0,0,0.0,Normal: lower setpoint 1.0°C (high humidity/heat)
2025-07-15 01:00:00,2025-07-15,1,RES_EP_001,normal,-1.0,0.689,0.689,0.0,0.369,0,0,0.0,Normal: lower setpoint 1.0°C (high humidity/heat)
2025-07-15 02:00:00,2025-07-15,2,RES_EP_001,normal,-1.0,0.53,0.53,0.0,0.341,0,0,0.0,Normal: lower setpoint 1.0°C (high humidity/heat)
2025-07-15 03:00:00,2025-07-15,3,RES_EP_001,normal,-1.0,0.205,0.205,0.0,0.369,0,0,0.0,Normal: lower setpoint 1.0°C (high humidity/heat)
2025-07-15 04:00:00,2025-07-15,4,RES_EP_001,normal,-1.0,0.493,0.493,0.0,0.384,0,0,0.0,Normal: lower setpoint 1.0°C (high humidity/heat)
2025-07-15 05:00:00,2025-07-15,5,RES_EP_001,normal,-1.0,0.602,0.602,0.0,0.422,0,0,0.0,Normal: lower setpoint 1.0°C (high humidity/heat)
2025-07-15 06:00:00,2025-07-15,6,RES_EP_001,normal,-1.0,0.501,0.501,0.0,0.552,0,0,0.0,Normal: lower setpoint 1.0°C (high humidity/heat)
2025-07-15 07:00:00,2025-07-15,7,RES_EP_001,normal,-1.0,0.475,0.475,0.0,0.571,0,0,0.0,Normal: lower setpoint 1.0°C (high humidity/heat)
2025-07-15 08:00:00,2025-07-15,8,RES_EP_001,normal,-1.0,0.221,0.221,0.0,0.757,0,0,0.0,Normal: lower setpoint 1.0°C (high humidity/heat)
2025-07-15 09:00:00,2025-07-15,9,RES_EP_001,normal,-1.0,0.911,0.911,0.0,0.856,0,0,0.0,Normal: lower setpoint 1.0°C (high humidity/heat)
2025-07-15 10:00:00,2025-07-15,10,RES_EP_001,pre_cool,-1.0,1.675,1.825,0.0,0.916,0,1,0.0,Pre-cool: lower setpoint 1.0°C (peak in ≤2h)
2025-07-15 11:00:00,2025-07-15,11,RES_EP_001,pre_cool,-1.0,1.859,2.009,0.0,0.976,0,1,0.01,Pre-cool: lower setpoint 1.0°C (peak in ≤2h)
2025-07-15 12:00:00,2025-07-15,12,RES_EP_001,comfort_override,-0.5,2.286,2.286,0.0,1.0,1,1,0.98,Comfort override: hold cooling (humidity too high)
2025-07-15 13:00:00,2025-07-15,13,RES_EP_001,peak_reduce,1.0,2.14,1.605,0.535,1.0,1,1,1.0,Peak reduce: raise setpoint 1.0°C (cut 25% load)
2025-07-15 14:00:00,2025-07-15,14,RES_EP_001,peak_reduce,1.0,2.484,1.863,0.621,1.0,1,1,1.0,Peak reduce: raise setpoint 1.0°C (cut 25% load)
2025-07-15 15:00:00,2025-07-15,15,RES_EP_001,peak_reduce,1.0,2.135,1.6012,0.5338,1.0,1,1,1.0,Peak reduce: raise setpoint 1.0°C (cut 25% load)
2025-07-15 16:00:00,2025-07-15,16,RES_EP_001,peak_reduce,1.0,2.206,1.6545,0.5515,1.0,1,1,1.0,Peak reduce: raise setpoint 1.0°C (cut 25% load)
2025-07-15 17:00:00,2025-07-15,17,RES_EP_001,peak_reduce,1.0,1.821,1.3658,0.4552,1.0,1,1,1.0,Peak reduce: raise setpoint 1.0°C (cut 25% load)
2025-07-15 18:00:00,2025-07-15,18,RES_EP_001,peak_reduce,1.0,1.777,1.3327,0.4443,1.0,1,0,0.97,Peak reduce: raise setpoint 1.0°C (cut 25% load)
2025-07-15 19:00:00,2025-07-15,19,RES_EP_001,normal,0.0,1.188,1.188,0.0,1.0,0,0,0.1,Normal: hold current setpoint
2025-07-15 20:00:00,2025-07-15,20,RES_EP_001,normal,-1.0,0.0,0.0,0.0,0.886,0,0,0.01,Normal: lower setpoint 1.0°C (high humidity/heat)
2025-07-15 21:00:00,2025-07-15,21,RES_EP_001,normal,-1.0,0.22,0.22,0.0,0.868,0,0,0.0,Normal: lower setpoint 1.0°C (high humidity/heat)
2025-07-15 22:00:00,2025-07-15,22,RES_EP_001,normal,-1.0,0.091,0.091,0.0,0.715,0,0,0.0,Normal: lower setpoint 1.0°C (high humidity/heat)
2025-07-15 23:00:00,2025-07-15,23,RES_EP_001,normal,-1.0,0.411,0.411,0.0,0.596,0,0,0.0,Normal: lower setpoint 1.0°C (high humidity/heat)
2025-07-16 00:00:00,2025-07-16,0,RES_EP_001,normal,-1.0,0.473,0.473,0.0,0.539,0,0,0.0,Normal: lower setpoint 1.0°C (high humidity/heat)
2025-07-16 01:00:00,2025-07-16,1,RES_EP_001,normal,-1.0,0.384,0.384,0.0,0.49,0,0,0.0,Normal: lower setpoint 1.0°C (high humidity/heat)
2025-07-16 02:00:00,2025-07-16,2,RES_EP_001,normal,-1.0,0.371,0.371,0.0,0.407,0,0,0.0,Normal: lower setpoint 1.0°C (high humidity/heat)
2025-07-16 03:00:00,2025-07-16,3,RES_EP_001,normal,-1.0,0.825,0.825,0.0,0.353,0,0,0.0,Normal: lower setpoint 1.0°C (high humidity/heat)
2025-07-16 04:00:00,2025-07-16,4,RES_EP_001,normal,-1.0,0.06,0.06,0.0,0.465,0,0,0.0,Normal: lower setpoint 1.0°C (high humidity/heat)
2025-07-16 05:00:00,2025-07-16,5,RES_EP_001,normal,-1.0,0.106,0.106,0.0,0.443,0,0,0.0,Normal: lower setpoint 1.0°C (high humidity/heat)
2025-07-16 06:00:00,2025-07-16,6,RES_EP_001,normal,-1.0,0.719,0.719,0.0,0.56,0,0,0.0,Normal: lower setpoint 1.0°C (high humidity/heat)
2025-07-16 07:00:00,2025-07-16,7,RES_EP_001,normal,-1.0,0.316,0.316,0.0,0.731,0,0,0.0,Normal: lower setpoint 1.0°C (high humidity/heat)
2025-07-16 08:00:00,2025-07-16,8,RES_EP_001,normal,-1.0,0.034,0.034,0.0,0.787,0,0,0.0,Normal: lower setpoint 1.0°C (high humidity/heat)
2025-07-16 09:00:00,2025-07-16,9,RES_EP_001,normal,-1.0,0.974,0.974,0.0,0.864,0,0,0.0,Normal: lower setpoint 1.0°C (high humidity/heat)
2025-07-16 10:00:00,2025-07-16,10,RES_EP_001,pre_cool,-1.0,1.237,1.387,0.0,0.936,0,1,0.0,Pre-cool: lower setpoint 1.0°C (peak in ≤2h)
2025-07-16 11:00:00,2025-07-16,11,RES_EP_001,pre_cool,-1.0,1.753,1.903,0.0,1.0,0,1,0.0,Pre-cool: lower setpoint 1.0°C (peak in ≤2h)
2025-07-16 12:00:00,2025-07-16,12,RES_EP_001,peak_reduce,1.0,2.418,1.8135,0.6045,1.0,1,1,0.85,Peak reduce: raise setpoint 1.0°C (cut 25% load)
2025-07-16 13:00:00,2025-07-16,13,RES_EP_001,peak_reduce,1.0,2.441,1.8307,0.6103,1.0,1,1,1.0,Peak reduce: raise setpoint 1.0°C (cut 25% load)
2025-07-16 14:00:00,2025-07-16,14,RES_EP_001,peak_reduce,1.0,2.286,1.7145,0.5715,1.0,1,1,1.0,Peak reduce: raise setpoint 1.0°C (cut 25% load)
2025-07-16 15:00:00,2025-07-16,15,RES_EP_001,peak_reduce,1.0,2.429,1.8217,0.6073,1.0,1,1,1.0,Peak reduce: raise setpoint 1.0°C (cut 25% load)
2025-07-16 16:00:00,2025-07-16,16,RES_EP_001,peak_reduce,1.0,1.896,1.422,0.474,1.0,1,1,1.0,Peak reduce: raise setpoint 1.0°C (cut 25% load)
2025-07-16 17:00:00,2025-07-16,17,RES_EP_001,peak_reduce,1.0,1.735,1.3013,0.4337,1.0,1,1,0.99,Peak reduce: raise setpoint 1.0°C (cut 25% load)
2025-07-16 18:00:00,2025-07-16,18,RES_EP_001,peak_reduce,1.0,1.148,0.861,0.287,1.0,1,0,0.8,Peak reduce: raise setpoint 1.0°C (cut 25% load)
2025-07-16 19:00:00,2025-07-16,19,RES_EP_001,normal,0.0,0.644,0.644,0.0,1.0,0,0,0.01,Normal: hold current setpoint
2025-07-16 20:00:00,2025-07-16,20,RES_EP_001,normal,-1.0,0.0,0.0,0.0,0.978,0,0,0.02,Normal: lower setpoint 1.0°C (high humidity/heat)
2025-07-16 21:00:00,2025-07-16,21,RES_EP_001,normal,-1.0,0.46,0.46,0.0,0.809,0,0,0.0,Normal: lower setpoint 1.0°C (high humidity/heat)
2025-07-16 22:00:00,2025-07-16,22,RES_EP_001,normal,-1.0,0.607,0.607,0.0,0.71,0,0,0.0,Normal: lower setpoint 1.0°C (high humidity/heat)
2025-07-16 23:00:00,2025-07-16,23,RES_EP_001,normal,-1.0,0.081,0.081,0.0,0.597,0,0,0.0,Normal: lower setpoint 1.0°C (high humidity/heat)
2025-07-17 00:00:00,2025-07-17,0,RES_EP_001,normal,-1.0,0.745,0.745,0.0,0.573,0,0,0.0,Normal: lower setpoint 1.0°C (high humidity/heat)
2025-07-17 01:00:00,2025-07-17,1,RES_EP_001,normal,-1.0,0.067,0.067,0.0,0.441,0,0,0.0,Normal: lower setpoint 1.0°C (high humidity/heat)
2025-07-17 02:00:00,2025-07-17,2,RES_EP_001,normal,-1.0,0.387,0.387,0.0,0.468,0,0,0.0,Normal: lower setpoint 1.0°C (high humidity/heat)
2025-07-17 03:00:00,2025-07-17,3,RES_EP_001,normal,-1.0,0.205,0.205,0.0,0.46,0,0,0.0,Normal: lower setpoint 1.0°C (high humidity/heat)
2025-07-17 04:00:00,2025-07-17,4,RES_EP_001,normal,-1.0,0.0,0.0,0.0,0.401,0,0,0.0,Normal: lower setpoint 1.0°C (high humidity/heat)
2025-07-17 05:00:00,2025-07-17,5,RES_EP_001,normal,-1.0,0.18,0.18,0.0,0.425,0,0,0.0,Normal: lower setpoint 1.0°C (high humidity/heat)
2025-07-17 06:00:00,2025-07-17,6,RES_EP_001,normal,-1.0,0.455,0.455,0.0,0.531,0,0,0.0,Normal: lower setpoint 1.0°C (high humidity/heat)
2025-07-17 07:00:00,2025-07-17,7,RES_EP_001,normal,-1.0,0.423,0.423,0.0,0.682,0,0,0.0,Normal: lower setpoint 1.0°C (high humidity/heat)
2025-07-17 08:00:00,2025-07-17,8,RES_EP_001,normal,-1.0,0.225,0.225,0.0,0.792,0,0,0.0,Normal: lower setpoint 1.0°C (high humidity/heat)
2025-07-17 09:00:00,2025-07-17,9,RES_EP_001,normal,-1.0,0.675,0.675,0.0,0.904,0,0,0.0,Normal: lower setpoint 1.0°C (high humidity/heat)
2025-07-17 10:00:00,2025-07-17,10,RES_EP_001,pre_cool,-1.0,1.473,1.623,0.0,0.928,0,1,0.0,Pre-cool: lower setpoint 1.0°C (peak in ≤2h)
2025-07-17 11:00:00,2025-07-17,11,RES_EP_001,pre_cool,-1.0,1.86,2.01,0.0,1.0,0,1,0.0,Pre-cool: lower setpoint 1.0°C (peak in ≤2h)
2025-07-17 12:00:00,2025-07-17,12,RES_EP_001,peak_reduce,1.0,2.179,1.6342,0.5448,1.0,1,1,0.97,Peak reduce: raise setpoint 1.0°C (cut 25% load)
2025-07-17 13:00:00,2025-07-17,13,RES_EP_001,peak_reduce,1.0,2.166,1.6245,0.5415,1.0,1,1,1.0,Peak reduce: raise setpoint 1.0°C (cut 25% load)
2025-07-17 14:00:00,2025-07-17,14,RES_EP_001,peak_reduce,1.0,2.394,1.7955,0.5985,1.0,1,1,1.0,Peak reduce: raise setpoint 1.0°C (cut 25% load)
2025-07-17 15:00:00,2025-07-17,15,RES_EP_001,peak_reduce,1.0,2.062,1.5465,0.5155,1.0,1,1,1.0,Peak reduce: raise setpoint 1.0°C (cut 25% load)
2025-07-17 16:00:00,2025-07-17,16,RES_EP_001,peak_reduce,1.0,2.13,1.5975,0.5325,1.0,1,1,1.0,Peak reduce: raise setpoint 1.0°C (cut 25% load)
2025-07-17 17:00:00,2025-07-17,17,RES_EP_001,peak_reduce,1.0,1.529,1.1467,0.3823,1.0,1,1,1.0,Peak reduce: raise setpoint 1.0°C (cut 25% load)
2025-07-17 18:00:00,2025-07-17,18,RES_EP_001,peak_reduce,1.0,1.233,0.9248,0.3082,1.0,1,0,0.89,Peak reduce: raise setpoint 1.0°C (cut 25% load)
2025-07-17 19:00:00,2025-07-17,19,RES_EP_001,normal,0.0,0.538,0.538,0.0,1.0,0,0,0.08,Normal: hold current setpoint
2025-07-17 20:00:00,2025-07-17,20,RES_EP_001,normal,-1.0,0.0,0.0,0.0,0.975,0,0,0.01,Normal: lower setpoint 1.0°C (high humidity/heat)
2025-07-17 21:00:00,2025-07-17,21,RES_EP_001,normal,-1.0,0.348,0.348,0.0,0.888,0,0,0.0,Normal: lower setpoint 1.0°C (high humidity/heat)
2025-07-17 22:00:00,2025-07-17,22,RES_EP_001,normal,-1.0,0.0,0.0,0.0,0.748,0,0,0.0,Normal: lower setpoint 1.0°C (high humidity/heat)
2025-07-17 23:00:00,2025-07-17,23,RES_EP_001,normal,-1.0,0.445,0.445,0.0,0.557,0,0,0.0,Normal: lower setpoint 1.0°C (high humidity/heat)
2025-07-18 00:00:00,2025-07-18,0,RES_EP_001,normal,-1.0,0.577,0.577,0.0,0.574,0,0,0.0,Normal: lower setpoint 1.0°C (high humidity/heat)
2025-07-18 01:00:00,2025-07-18,1,RES_EP_001,normal,-1.0,0.598,0.598,0.0,0.399,0,0,0.0,Normal: lower setpoint 1.0°C (high humidity/heat)
2025-07-18 02:00:00,2025-07-18,2,RES_EP_001,normal,-1.0,0.36,0.36,0.0,0.496,0,0,0.0,Normal: lower setpoint 1.0°C (high humidity/heat)
2025-07-18 03:00:00,2025-07-18,3,RES_EP_001,normal,-1.0,0.341,0.341,0.0,0.455,0,0,0.0,Normal: lower setpoint 1.0°C (high humidity/heat)
2025-07-18 04:00:00,2025-07-18,4,RES_EP_001,normal,-1.0,0.435,0.435,0.0,0.47,0,0,0.0,Normal: lower setpoint 1.0°C (high humidity/heat)
2025-07-18 05:00:00,2025-07-18,5,RES_EP_001,normal,-1.0,0.356,0.356,0.0,0.519,0,0,0.0,Normal: lower setpoint 1.0°C (high humidity/heat)
2025-07-18 06:00:00,2025-07-18,6,RES_EP_001,normal,-1.0,0.515,0.515,0.0,0.606,0,0,0.0,Normal: lower setpoint 1.0°C (high humidity/heat)
2025-07-18 07:00:00,2025-07-18,7,RES_EP_001,normal,-1.0,0.491,0.491,0.0,0.698,0,0,0.0,Normal: lower setpoint 1.0°C (high humidity/heat)
2025-07-18 08:00:00,2025-07-18,8,RES_EP_001,normal,-1.0,0.193,0.193,0.0,0.769,0,0,0.0,Normal: lower setpoint 1.0°C (high humidity/heat)
2025-07-18 09:00:00,2025-07-18,9,RES_EP_001,normal,-1.0,0.84,0.84,0.0,0.888,0,0,0.0,Normal: lower setpoint 1.0°C (high humidity/heat)
2025-07-18 10:00:00,2025-07-18,10,RES_EP_001,pre_cool,-1.0,1.675,1.825,0.0,0.976,0,1,0.0,Pre-cool: lower setpoint 1.0°C (peak in ≤2h)
2025-07-18 11:00:00,2025-07-18,11,RES_EP_001,pre_cool,-1.0,2.007,2.157,0.0,1.0,0,1,0.06,Pre-cool: lower setpoint 1.0°C (peak in ≤2h)
2025-07-18 12:00:00,2025-07-18,12,RES_EP_001,peak_reduce,1.0,2.634,1.9755,0.6585,1.0,1,1,1.0,Peak reduce: raise setpoint 1.0°C (cut 25% load)
2025-07-18 13:00:00,2025-07-18,13,RES_EP_001,peak_reduce,1.0,2.271,1.7032,0.5678,1.0,1,1,1.0,Peak reduce: raise setpoint 1.0°C (cut 25% load)
2025-07-18 14:00:00,2025-07-18,14,RES_EP_001,peak_reduce,1.0,2.322,1.7415,0.5805,1.0,1,1,1.0,Peak reduce: raise setpoint 1.0°C (cut 25% load)
2025-07-18 15:00:00,2025-07-18,15,RES_EP_001,peak_reduce,1.0,2.369,1.7768,0.5922,1.0,1,1,1.0,Peak reduce: raise setpoint 1.0°C (cut 25% load)
2025-07-18 16:00:00,2025-07-18,16,RES_EP_001,peak_reduce,1.0,2.277,1.7078,0.5692,1.0,1,1,1.0,Peak reduce: raise setpoint 1.0°C (cut 25% load)
2025-07-18 17:00:00,2025-07-18,17,RES_EP_001,peak_reduce,1.0,2.136,1.602,0.534,1.0,1,1,1.0,Peak reduce: raise setpoint 1.0°C (cut 25% load)
2025-07-18 18:00:00,2025-07-18,18,RES_EP_001,peak_reduce,1.0,1.636,1.227,0.409,1.0,1,0,0.97,Peak reduce: raise setpoint 1.0°C (cut 25% load)
2025-07-18 19:00:00,2025-07-18,19,RES_EP_001,normal,0.0,0.806,0.806,0.0,1.0,0,0,0.04,Normal: hold current setpoint
2025-07-18 20:00:00,2025-07-18,20,RES_EP_001,normal,-1.0,0.0,0.0,0.0,0.976,0,0,0.0,Normal: lower setpoint 1.0°C (high humidity/heat)
2025-07-18 21:00:00,2025-07-18,21,RES_EP_001,normal,-1.0,0.432,0.432,0.0,0.893,0,0,0.0,Normal: lower setpoint 1.0°C (high humidity/heat)
2025-07-18 22:00:00,2025-07-18,22,RES_EP_001,normal,-1.0,0.113,0.113,0.0,0.744,0,0,0.0,Normal: lower setpoint 1.0°C (high humidity/heat)
2025-07-18 23:00:00,2025-07-18,23,RES_EP_001,normal,-1.0,0.413,0.413,0.0,0.707,0,0,0.0,Normal: lower setpoint 1.0°C (high humidity/heat)
2025-07-19 00:00:00,2025-07-19,0,RES_EP_001,normal,-1.0,0.224,0.224,0.0,0.583,0,0,0.0,Normal: lower setpoint 1.0°C (high humidity/heat)
2025-07-19 01:00:00,2025-07-19,1,RES_EP_001,normal,-1.0,0.744,0.744,0.0,0.536,0,0,0.0,Normal: lower setpoint 1.0°C (high humidity/heat)
2025-07-19 02:00:00,2025-07-19,2,RES_EP_001,normal,-1.0,0.593,0.593,0.0,0.506,0,0,0.0,Normal: lower setpoint 1.0°C (high humidity/heat)
2025-07-19 03:00:00,2025-07-19,3,RES_EP_001,normal,-1.0,0.349,0.349,0.0,0.442,0,0,0.0,Normal: lower setpoint 1.0°C (high humidity/heat)
2025-07-19 04:00:00,2025-07-19,4,RES_EP_001,normal,-1.0,0.692,0.692,0.0,0.489,0,0,0.0,Normal: lower setpoint 1.0°C (high humidity/heat)
2025-07-19 05:00:00,2025-07-19,5,RES_EP_001,normal,-1.0,0.311,0.311,0.0,0.55,0,0,0.0,Normal: lower setpoint 1.0°C (high humidity/heat)
2025-07-19 06:00:00,2025-07-19,6,RES_EP_001,normal,-1.0,0.85,0.85,0.0,0.673,0,0,0.0,Normal: lower setpoint 1.0°C (high humidity/heat)
2025-07-19 07:00:00,2025-07-19,7,RES_EP_001,normal,-1.0,0.0,0.0,0.0,0.711,0,0,0.0,Normal: lower setpoint 1.0°C (high humidity/heat)
2025-07-19 08:00:00,2025-07-19,8,RES_EP_001,normal,-1.0,0.0,0.0,0.0,0.86,0,0,0.0,Normal: lower setpoint 1.0°C (high humidity/heat)
2025-07-19 09:00:00,2025-07-19,9,RES_EP_001,normal,-1.0,1.322,1.322,0.0,0.92,0,0,0.0,Normal: lower setpoint 1.0°C (high humidity/heat)
2025-07-19 10:00:00,2025-07-19,10,RES_EP_001,pre_cool,-1.0,1.551,1.701,0.0,0.968,0,1,0.0,Pre-cool: lower setpoint 1.0°C (peak in ≤2h)
2025-07-19 11:00:00,2025-07-19,11,RES_EP_001,pre_cool,-1.0,1.95,2.1,0.0,1.0,0,1,0.09,Pre-cool: lower setpoint 1.0°C (peak in ≤2h)
2025-07-19 12:00:00,2025-07-19,12,RES_EP_001,peak_reduce,1.0,2.148,1.611,0.537,1.0,1,1,0.98,Peak reduce: raise setpoint 1.0°C (cut 25% load)
2025-07-19 13:00:00,2025-07-19,13,RES_EP_001,peak_reduce,1.0,2.416,1.812,0.604,1.0,1,1,1.0,Peak reduce: raise setpoint 1.0°C (cut 25% load)
2025-07-19 14:00:00,2025-07-19,14,RES_EP_001,peak_reduce,1.0,2.606,1.9545,0.6515,1.0,1,1,1.0,Peak reduce: raise setpoint 1.0°C (cut 25% load)
2025-07-19 15:00:00,2025-07-19,15,RES_EP_001,peak_reduce,1.0,2.717,2.0377,0.6793,1.0,1,1,1.0,Peak reduce: raise setpoint 1.0°C (cut 25% load)
2025-07-19 16:00:00,2025-07-19,16,RES_EP_001,peak_reduce,1.0,2.012,1.509,0.503,1.0,1,1,1.0,Peak reduce: raise setpoint 1.0°C (cut 25% load)
2025-07-19 17:00:00,2025-07-19,17,RES_EP_001,peak_reduce,1.0,1.892,1.419,0.473,1.0,1,1,1.0,Peak reduce: raise setpoint 1.0°C (cut 25% load)
2025-07-19 18:00:00,2025-07-19,18,RES_EP_001,peak_reduce,1.0,1.504,1.128,0.376,1.0,1,0,0.98,Peak reduce: raise setpoint 1.0°C (cut 25% load)
2025-07-19 19:00:00,2025-07-19,19,RES_EP_001,normal,0.0,0.695,0.695,0.0,1.0,0,0,0.01,Normal: hold current setpoint
2025-07-19 20:00:00,2025-07-19,20,RES_EP_001,normal,0.0,0.0,0.0,0.0,1.0,0,0,0.0,Normal: hold current setpoint
2025-07-19 21:00:00,2025-07-19,21,RES_EP_001,normal,-1.0,0.127,0.127,0.0,0.961,0,0,0.0,Normal: lower setpoint 1.0°C (high humidity/heat)
2025-07-19 22:00:00,2025-07-19,22,RES_EP_001,normal,-1.0,0.0,0.0,0.0,0.789,0,0,0.0,Normal: lower setpoint 1.0°C (high humidity/heat)
2025-07-19 23:00:00,2025-07-19,23,RES_EP_001,normal,-1.0,0.703,0.703,0.0,0.662,0,0,0.0,Normal: lower setpoint 1.0°C (high humidity/heat)
2025-07-20 00:00:00,2025-07-20,0,RES_EP_001,normal,-1.0,0.125,0.125,0.0,0.559,0,0,0.0,Normal: lower setpoint 1.0°C (high humidity/heat)
2025-07-20 01:00:00,2025-07-20,1,RES_EP_001,normal,-1.0,0.553,0.553,0.0,0.545,0,0,0.0,Normal: lower setpoint 1.0°C (high humidity/heat)
2025-07-20 02:00:00,2025-07-20,2,RES_EP_001,normal,-1.0,0.274,0.274,0.0,0.51,0,0,0.0,Normal: lower setpoint 1.0°C (high humidity/heat)
2025-07-20 03:00:00,2025-07-20,3,RES_EP_001,normal,-1.0,0.631,0.631,0.0,0.49,0,0,0.0,Normal: lower setpoint 1.0°C (high humidity/heat)
2025-07-20 04:00:00,2025-07-20,4,RES_EP_001,normal,-1.0,0.712,0.712,0.0,0.575,0,0,0.0,Normal: lower setpoint 1.0°C (high humidity/heat)
2025-07-20 05:00:00,2025-07-20,5,RES_EP_001,normal,-1.0,0.631,0.631,0.0,0.563,0,0,0.0,Normal: lower setpoint 1.0°C (high humidity/heat)
2025-07-20 06:00:00,2025-07-20,6,RES_EP_001,normal,-1.0,0.802,0.802,0.0,0.635,0,0,0.0,Normal: lower setpoint 1.0°C (high humidity/heat)
2025-07-20 07:00:00,2025-07-20,7,RES_EP_001,normal,-1.0,0.504,0.504,0.0,0.765,0,0,0.0,Normal: lower setpoint 1.0°C (high humidity/heat)
2025-07-20 08:00:00,2025-07-20,8,RES_EP_001,normal,-1.0,0.21,0.21,0.0,0.86,0,0,0.0,Normal: lower setpoint 1.0°C (high humidity/heat)
2025-07-20 09:00:00,2025-07-20,9,RES_EP_001,normal,-1.0,1.134,1.134,0.0,0.824,0,0,0.0,Normal: lower setpoint 1.0°C (high humidity/heat)
2025-07-20 10:00:00,2025-07-20,10,RES_EP_001,pre_cool,-1.0,1.719,1.869,0.0,0.956,0,1,0.0,Pre-cool: lower setpoint 1.0°C (peak in ≤2h)
2025-07-20 11:00:00,2025-07-20,11,RES_EP_001,pre_cool,-1.0,2.03,2.18,0.0,1.0,0,1,0.11,Pre-cool: lower setpoint 1.0°C (peak in ≤2h)
2025-07-20 12:00:00,2025-07-20,12,RES_EP_001,peak_reduce,1.0,2.537,1.9027,0.6343,1.0,1,1,1.0,Peak reduce: raise setpoint 1.0°C (cut 25% load)
2025-07-20 13:00:00,2025-07-20,13,RES_EP_001,peak_reduce,1.0,2.52,1.89,0.63,1.0,1,1,0.99,Peak reduce: raise setpoint 1.0°C (cut 25% load)
2025-07-20 14:00:00,2025-07-20,14,RES_EP_001,peak_reduce,1.0,2.523,1.8923,0.6307,1.0,1,1,1.0,Peak reduce: raise setpoint 1.0°C (cut 25% load)
2025-07-20 15:00:00,2025-07-20,15,RES_EP_001,peak_reduce,1.0,2.497,1.8727,0.6243,1.0,1,1,1.0,Peak reduce: raise setpoint 1.0°C (cut 25% load)
2025-07-20 16:00:00,2025-07-20,16,RES_EP_001,peak_reduce,1.0,2.001,1.5008,0.5002,1.0,1,1,1.0,Peak reduce: raise setpoint 1.0°C (cut 25% load)
2025-07-20 17:00:00,2025-07-20,17,RES_EP_001,peak_reduce,1.0,2.123,1.5923,0.5307,1.0,1,1,1.0,Peak reduce: raise setpoint 1.0°C (cut 25% load)
2025-07-20 18:00:00,2025-07-20,18,RES_EP_001,peak_reduce,1.0,1.099,0.8242,0.2748,1.0,1,0,1.0,Peak reduce: raise setpoint 1.0°C (cut 25% load)
2025-07-20 19:00:00,2025-07-20,19,RES_EP_001,normal,0.0,0.687,0.687,0.0,1.0,0,0,0.03,Normal: hold current setpoint
2025-07-20 20:00:00,2025-07-20,20,RES_EP_001,normal,0.0,0.0,0.0,0.0,1.0,0,0,0.0,Normal: hold current setpoint
2025-07-20 21:00:00,2025-07-20,21,RES_EP_001,normal,-1.0,0.413,0.413,0.0,0.953,0,0,0.0,Normal: lower setpoint 1.0°C (high humidity/heat)
2025-07-20 22:00:00,2025-07-20,22,RES_EP_001,normal,-1.0,0.361,0.361,0.0,0.748,0,0,0.0,Normal: lower setpoint 1.0°C (high humidity/heat)
2025-07-20 23:00:00,2025-07-20,23,RES_EP_001,normal,-1.0,0.251,0.251,0.0,0.707,0,0,0.0,Normal: lower setpoint 1.0°C (high humidity/heat)
2025-07-21 00:00:00,2025-07-21,0,RES_EP_001,normal,-1.0,0.399,0.399,0.0,0.601,0,0,0.0,Normal: lower setpoint 1.0°C (high humidity/heat)
2025-07-21 01:00:00,2025-07-21,1,RES_EP_001,normal,-1.0,0.578,0.578,0.0,0.569,0,0,0.0,Normal: lower setpoint 1.0°C (high humidity/heat)
2025-07-21 02:00:00,2025-07-21,2,RES_EP_001,normal,-1.0,0.097,0.097,0.0,0.575,0,0,0.0,Normal: lower setpoint 1.0°C (high humidity/heat)
2025-07-21 03:00:00,2025-07-21,3,RES_EP_001,normal,-1.0,0.222,0.222,0.0,0.525,0,0,0.0,Normal: lower setpoint 1.0°C (high humidity/heat)
2025-07-21 04:00:00,2025-07-21,4,RES_EP_001,normal,-1.0,0.265,0.265,0.0,0.504,0,0,0.0,Normal: lower setpoint 1.0°C (high humidity/heat)
2025-07-21 05:00:00,2025-07-21,5,RES_EP_001,normal,-1.0,0.725,0.725,0.0,0.589,0,0,0.0,Normal: lower setpoint 1.0°C (high humidity/heat)
2025-07-21 06:00:00,2025-07-21,6,RES_EP_001,normal,-1.0,0.54,0.54,0.0,0.653,0,0,0.0,Normal: lower setpoint 1.0°C (high humidity/heat)
2025-07-21 07:00:00,2025-07-21,7,RES_EP_001,normal,-1.0,0.47,0.47,0.0,0.721,0,0,0.0,Normal: lower setpoint 1.0°C (high humidity/heat)
2025-07-21 08:00:00,2025-07-21,8,RES_EP_001,normal,-1.0,0.0,0.0,0.0,0.808,0,0,0.0,Normal: lower setpoint 1.0°C (high humidity/heat)
2025-07-21 09:00:00,2025-07-21,9,RES_EP_001,normal,-1.0,1.007,1.007,0.0,0.908,0,0,0.0,Normal: lower setpoint 1.0°C (high humidity/heat)
2025-07-21 10:00:00,2025-07-21,10,RES_EP_001,pre_cool,-1.0,1.401,1.551,0.0,0.992,0,1,0.0,Pre-cool: lower setpoint 1.0°C (peak in ≤2h)
2025-07-21 11:00:00,2025-07-21,11,RES_EP_001,pre_cool,-1.0,2.03,2.18,0.0,1.0,0,1,0.09,Pre-cool: lower setpoint 1.0°C (peak in ≤2h)
2025-07-21 12:00:00,2025-07-21,12,RES_EP_001,peak_reduce,1.0,2.01,1.5075,0.5025,1.0,1,1,0.97,Peak reduce: raise setpoint 1.0°C (cut 25% load)
2025-07-21 13:00:00,2025-07-21,13,RES_EP_001,peak_reduce,1.0,1.802,1.3515,0.4505,1.0,1,1,1.0,Peak reduce: raise setpoint 1.0°C (cut 25% load)
2025-07-21 14:00:00,2025-07-21,14,RES_EP_001,peak_reduce,1.0,2.046,1.5345,0.5115,1.0,1,1,0.99,Peak reduce: raise setpoint 1.0°C (cut 25% load)
2025-07-21 15:00:00,2025-07-21,15,RES_EP_001,peak_reduce,1.0,2.037,1.5277,0.5093,1.0,1,1,1.0,Peak reduce: raise setpoint 1.0°C (cut 25% load)
2025-07-21 16:00:00,2025-07-21,16,RES_EP_001,peak_reduce,1.0,1.751,1.3133,0.4377,1.0,1,1,1.0,Peak reduce: raise setpoint 1.0°C (cut 25% load)
2025-07-21 17:00:00,2025-07-21,17,RES_EP_001,peak_reduce,1.0,1.538,1.1535,0.3845,1.0,1,1,1.0,Peak reduce: raise setpoint 1.0°C (cut 25% load)
2025-07-21 18:00:00,2025-07-21,18,RES_EP_001,peak_reduce,1.0,0.963,0.7222,0.2408,1.0,1,0,0.9,Peak reduce: raise setpoint 1.0°C (cut 25% load)
2025-07-21 19:00:00,2025-07-21,19,RES_EP_001,normal,0.0,0.603,0.603,0.0,1.0,0,0,0.03,Normal: hold current setpoint
2025-07-21 20:00:00,2025-07-21,20,RES_EP_001,normal,0.0,0.0,0.0,0.0,1.0,0,0,0.01,Normal: hold current setpoint
2025-07-21 21:00:00,2025-07-21,21,RES_EP_001,normal,-1.0,0.07,0.07,0.0,0.922,0,0,0.0,Normal: lower setpoint 1.0°C (high humidity/heat)
2025-07-21 22:00:00,2025-07-21,22,RES_EP_001,normal,-1.0,0.501,0.501,0.0,0.836,0,0,0.0,Normal: lower setpoint 1.0°C (high humidity/heat)
2025-07-21 23:00:00,2025-07-21,23,RES_EP_001,normal,-1.0,0.312,0.312,0.0,0.667,0,0,0.0,Normal: lower setpoint 1.0°C (high humidity/heat)
2025-07-22 00:00:00,2025-07-22,0,RES_EP_001,normal,-1.0,0.969,0.969,0.0,0.665,0,0,0.0,Normal: lower setpoint 1.0°C (high humidity/heat)
2025-07-22 01:00:00,2025-07-22,1,RES_EP_001,normal,-1.0,0.487,0.487,0.0,0.611,0,0,0.0,Normal: lower setpoint 1.0°C (high humidity/heat)
2025-07-22 02:00:00,2025-07-22,2,RES_EP_001,normal,-1.0,0.39,0.39,0.0,0.487,0,0,0.0,Normal: lower setpoint 1.0°C (high humidity/heat)
2025-07-22 03:00:00,2025-07-22,3,RES_EP_001,normal,-1.0,0.359,0.359,0.0,0.538,0,0,0.0,Normal: lower setpoint 1.0°C (high humidity/heat)
2025-07-22 04:00:00,2025-07-22,4,RES_EP_001,normal,-1.0,0.494,0.494,0.0,0.444,0,0,0.0,Normal: lower setpoint 1.0°C (high humidity/heat)
2025-07-22 05:00:00,2025-07-22,5,RES_EP_001,normal,-1.0,0.486,0.486,0.0,0.532,0,0,0.0,Normal: lower setpoint 1.0°C (high humidity/heat)
2025-07-22 06:00:00,2025-07-22,6,RES_EP_001,normal,-1.0,0.487,0.487,0.0,0.652,0,0,0.0,Normal: lower setpoint 1.0°C (high humidity/heat)
2025-07-22 07:00:00,2025-07-22,7,RES_EP_001,normal,-1.0,0.113,0.113,0.0,0.709,0,0,0.0,Normal: lower setpoint 1.0°C (high humidity/heat)
2025-07-22 08:00:00,2025-07-22,8,RES_EP_001,normal,-1.0,0.0,0.0,0.0,0.88,0,0,0.0,Normal: lower setpoint 1.0°C (high humidity/heat)
2025-07-22 09:00:00,2025-07-22,9,RES_EP_001,normal,-1.0,0.947,0.947,0.0,0.948,0,0,0.0,Normal: lower setpoint 1.0°C (high humidity/heat)
2025-07-22 10:00:00,2025-07-22,10,RES_EP_001,pre_cool,-1.0,1.26,1.41,0.0,0.948,0,1,0.0,Pre-cool: lower setpoint 1.0°C (peak in ≤2h)
2025-07-22 11:00:00,2025-07-22,11,RES_EP_001,pre_cool,-1.0,1.588,1.738,0.0,1.0,0,1,0.0,Pre-cool: lower setpoint 1.0°C (peak in ≤2h)
2025-07-22 12:00:00,2025-07-22,12,RES_EP_001,peak_reduce,1.0,1.705,1.2788,0.4262,1.0,1,1,0.88,Peak reduce: raise setpoint 1.0°C (cut 25% load)
2025-07-22 13:00:00,2025-07-22,13,RES_EP_001,peak_reduce,1.0,1.948,1.461,0.487,1.0,1,1,0.99,Peak reduce: raise setpoint 1.0°C (cut 25% load)
2025-07-22 14:00:00,2025-07-22,14,RES_EP_001,peak_reduce,1.0,2.47,1.8525,0.6175,1.0,1,1,1.0,Peak reduce: raise setpoint 1.0°C (cut 25% load)
2025-07-22 15:00:00,2025-07-22,15,RES_EP_001,peak_reduce,1.0,2.132,1.599,0.533,1.0,1,1,1.0,Peak reduce: raise setpoint 1.0°C (cut 25% load)
2025-07-22 16:00:00,2025-07-22,16,RES_EP_001,peak_reduce,1.0,1.599,1.1992,0.3998,1.0,1,1,1.0,Peak reduce: raise setpoint 1.0°C (cut 25% load)
2025-07-22 17:00:00,2025-07-22,17,RES_EP_001,peak_reduce,1.0,1.79,1.3425,0.4475,1.0,1,1,0.98,Peak reduce: raise setpoint 1.0°C (cut 25% load)
2025-07-22 18:00:00,2025-07-22,18,RES_EP_001,peak_reduce,1.0,1.071,0.8033,0.2677,1.0,1,0,0.9,Peak reduce: raise setpoint 1.0°C (cut 25% load)
2025-07-22 19:00:00,2025-07-22,19,RES_EP_001,normal,0.0,0.534,0.534,0.0,1.0,0,0,0.06,Normal: hold current setpoint
2025-07-22 20:00:00,2025-07-22,20,RES_EP_001,normal,0.0,0.179,0.179,0.0,1.0,0,0,0.04,Normal: hold current setpoint
2025-07-22 21:00:00,2025-07-22,21,RES_EP_001,normal,-1.0,0.279,0.279,0.0,0.952,0,0,0.0,Normal: lower setpoint 1.0°C (high humidity/heat)
2025-07-22 22:00:00,2025-07-22,22,RES_EP_001,normal,-1.0,0.205,0.205,0.0,0.788,0,0,0.0,Normal: lower setpoint 1.0°C (high humidity/heat)
2025-07-22 23:00:00,2025-07-22,23,RES_EP_001,normal,-1.0,0.52,0.52,0.0,0.658,0,0,0.0,Normal: lower setpoint 1.0°C (high humidity/heat)
2025-07-23 00:00:00,2025-07-23,0,RES_EP_001,normal,-1.0,0.481,0.481,0.0,0.565,0,0,0.0,Normal: lower setpoint 1.0°C (high humidity/heat)
2025-07-23 01:00:00,2025-07-23,1,RES_EP_001,normal,-1.0,0.33,0.33,0.0,0.478,0,0,0.0,Normal: lower setpoint 1.0°C (high humidity/heat)
2025-07-23 02:00:00,2025-07-23,2,RES_EP_001,normal,-1.0,0.458,0.458,0.0,0.471,0,0,0.0,Normal: lower setpoint 1.0°C (high humidity/heat)
2025-07-23 03:00:00,2025-07-23,3,RES_EP_001,normal,-1.0,0.47,0.47,0.0,0.404,0,0,0.0,Normal: lower setpoint 1.0°C (high humidity/heat)
2025-07-23 04:00:00,2025-07-23,4,RES_EP_001,normal,-1.0,0.766,0.766,0.0,0.527,0,0,0.0,Normal: lower setpoint 1.0°C (high humidity/heat)
2025-07-23 05:00:00,2025-07-23,5,RES_EP_001,normal,-1.0,0.17,0.17,0.0,0.597,0,0,0.0,Normal: lower setpoint 1.0°C (high humidity/heat)
2025-07-23 06:00:00,2025-07-23,6,RES_EP_001,normal,-1.0,0.2,0.2,0.0,0.623,0,0,0.0,Normal: lower setpoint 1.0°C (high humidity/heat)
2025-07-23 07:00:00,2025-07-23,7,RES_EP_001,normal,-1.0,0.134,0.134,0.0,0.754,0,0,0.0,Normal: lower setpoint 1.0°C (high humidity/heat)
2025-07-23 08:00:00,2025-07-23,8,RES_EP_001,normal,-1.0,0.119,0.119,0.0,0.876,0,0,0.0,Normal: lower setpoint 1.0°C (high humidity/heat)
2025-07-23 09:00:00,2025-07-23,9,RES_EP_001,normal,-1.0,0.892,0.892,0.0,0.924,0,0,0.0,Normal: lower setpoint 1.0°C (high humidity/heat)
2025-07-23 10:00:00,2025-07-23,10,RES_EP_001,pre_cool,-1.0,1.166,1.316,0.0,0.988,0,1,0.0,Pre-cool: lower setpoint 1.0°C (peak in ≤2h)
2025-07-23 11:00:00,2025-07-23,11,RES_EP_001,pre_cool,-1.0,1.757,1.907,0.0,1.0,0,1,0.02,Pre-cool: lower setpoint 1.0°C (peak in ≤2h)
2025-07-23 12:00:00,2025-07-23,12,RES_EP_001,peak_reduce,1.0,2.056,1.542,0.514,1.0,1,1,0.84,Peak reduce: raise setpoint 1.0°C (cut 25% load)
2025-07-23 13:00:00,2025-07-23,13,RES_EP_001,peak_reduce,1.0,1.949,1.4618,0.4872,1.0,1,1,1.0,Peak reduce: raise setpoint 1.0°C (cut 25% load)
2025-07-23 14:00:00,2025-07-23,14,RES_EP_001,peak_reduce,1.0,2.361,1.7708,0.5902,1.0,1,1,0.99,Peak reduce: raise setpoint 1.0°C (cut 25% load)
2025-07-23 15:00:00,2025-07-23,15,RES_EP_001,peak_reduce,1.0,2.157,1.6178,0.5392,1.0,1,1,1.0,Peak reduce: raise setpoint 1.0°C (cut 25% load)
2025-07-23 16:00:00,2025-07-23,16,RES_EP_001,peak_reduce,1.0,1.915,1.4363,0.4787,1.0,1,1,1.0,Peak reduce: raise setpoint 1.0°C (cut 25% load)
2025-07-23 17:00:00,2025-07-23,17,RES_EP_001,peak_reduce,1.0,1.697,1.2728,0.4242,1.0,1,1,1.0,Peak reduce: raise setpoint 1.0°C (cut 25% load)
2025-07-23 18:00:00,2025-07-23,18,RES_EP_001,peak_reduce,1.0,1.312,0.984,0.328,1.0,1,0,0.99,Peak reduce: raise setpoint 1.0°C (cut 25% load)
2025-07-23 19:00:00,2025-07-23,19,RES_EP_001,normal,0.0,0.507,0.507,0.0,1.0,0,0,0.0,Normal: hold current setpoint
2025-07-23 20:00:00,2025-07-23,20,RES_EP_001,normal,0.0,0.202,0.202,0.0,0.997,0,0,0.0,Normal: hold current setpoint
2025-07-23 21:00:00,2025-07-23,21,RES_EP_001,normal,-1.0,0.56,0.56,0.0,0.966,0,0,0.01,Normal: lower setpoint 1.0°C (high humidity/heat)
2025-07-23 22:00:00,2025-07-23,22,RES_EP_001,normal,-1.0,0.745,0.745,0.0,0.821,0,0,0.0,Normal: lower setpoint 1.0°C (high humidity/heat)
2025-07-23 23:00:00,2025-07-23,23,RES_EP_001,normal,-1.0,0.681,0.681,0.0,0.703,0,0,0.0,Normal: lower setpoint 1.0°C (high humidity/heat)
2025-07-24 00:00:00,2025-07-24,0,RES_EP_001,normal,-1.0,0.409,0.409,0.0,0.565,0,0,0.0,Normal: lower setpoint 1.0°C (high humidity/heat)
2025-07-24 01:00:00,2025-07-24,1,RES_EP_001,normal,-1.0,0.44,0.44,0.0,0.597,0,0,0.0,Normal: lower setpoint 1.0°C (high humidity/heat)
2025-07-24 02:00:00,2025-07-24,2,RES_EP_001,normal,-1.0,0.771,0.771,0.0,0.47,0,0,0.0,Normal: lower setpoint 1.0°C (high humidity/heat)
2025-07-24 03:00:00,2025-07-24,3,RES_EP_001,normal,-1.0,0.4,0.4,0.0,0.487,0,0,0.0,Normal: lower setpoint 1.0°C (high humidity/heat)
2025-07-24 04:00:00,2025-07-24,4,RES_EP_001,normal,-1.0,0.185,0.185,0.0,0.5,0,0,0.0,Normal: lower setpoint 1.0°C (high humidity/heat)
2025-07-24 05:00:00,2025-07-24,5,RES_EP_001,normal,-1.0,0.58,0.58,0.0,0.543,0,0,0.0,Normal: lower setpoint 1.0°C (high humidity/heat)
2025-07-24 06:00:00,2025-07-24,6,RES_EP_001,normal,-1.0,0.379,0.379,0.0,0.606,0,0,0.0,Normal: lower setpoint 1.0°C (high humidity/heat)
2025-07-24 07:00:00,2025-07-24,7,RES_EP_001,normal,-1.0,0.313,0.313,0.0,0.75,0,0,0.0,Normal: lower setpoint 1.0°C (high humidity/heat)
2025-07-24 08:00:00,2025-07-24,8,RES_EP_001,normal,-1.0,0.0,0.0,0.0,0.868,0,0,0.0,Normal: lower setpoint 1.0°C (high humidity/heat)
2025-07-24 09:00:00,2025-07-24,9,RES_EP_001,normal,-1.0,0.966,0.966,0.0,0.896,0,0,0.0,Normal: lower setpoint 1.0°C (high humidity/heat)
2025-07-24 10:00:00,2025-07-24,10,RES_EP_001,pre_cool,-1.0,1.211,1.361,0.0,0.988,0,1,0.0,Pre-cool: lower setpoint 1.0°C (peak in ≤2h)
2025-07-24 11:00:00,2025-07-24,11,RES_EP_001,pre_cool,-1.0,1.713,1.863,0.0,1.0,0,1,0.0,Pre-cool: lower setpoint 1.0°C (peak in ≤2h)
2025-07-24 12:00:00,2025-07-24,12,RES_EP_001,peak_reduce,1.0,2.097,1.5728,0.5242,1.0,1,1,0.94,Peak reduce: raise setpoint 1.0°C (cut 25% load)
2025-07-24 13:00:00,2025-07-24,13,RES_EP_001,peak_reduce,1.0,2.289,1.7168,0.5722,1.0,1,1,1.0,Peak reduce: raise setpoint 1.0°C (cut 25% load)
2025-07-24 14:00:00,2025-07-24,14,RES_EP_001,peak_reduce,1.0,2.251,1.6883,0.5627,1.0,1,1,1.0,Peak reduce: raise setpoint 1.0°C (cut 25% load)
2025-07-24 15:00:00,2025-07-24,15,RES_EP_001,peak_reduce,1.0,2.487,1.8653,0.6217,1.0,1,1,1.0,Peak reduce: raise setpoint 1.0°C (cut 25% load)
2025-07-24 16:00:00,2025-07-24,16,RES_EP_001,peak_reduce,1.0,1.762,1.3215,0.4405,1.0,1,1,1.0,Peak reduce: raise setpoint 1.0°C (cut 25% load)
2025-07-24 17:00:00,2025-07-24,17,RES_EP_001,peak_reduce,1.0,1.907,1.4303,0.4767,1.0,1,1,1.0,Peak reduce: raise setpoint 1.0°C (cut 25% load)
2025-07-24 18:00:00,2025-07-24,18,RES_EP_001,peak_reduce,1.0,1.47,1.1025,0.3675,1.0,1,0,0.97,Peak reduce: raise setpoint 1.0°C (cut 25% load)
2025-07-24 19:00:00,2025-07-24,19,RES_EP_001,normal,0.0,1.192,1.192,0.0,1.0,0,0,0.02,Normal: hold current setpoint
2025-07-24 20:00:00,2025-07-24,20,RES_EP_001,normal,0.0,0.043,0.043,0.0,0.997,0,0,0.02,Normal: hold current setpoint
2025-07-24 21:00:00,2025-07-24,21,RES_EP_001,normal,-1.0,0.195,0.195,0.0,0.961,0,0,0.0,Normal: lower setpoint 1.0°C (high humidity/heat)
2025-07-24 22:00:00,2025-07-24,22,RES_EP_001,normal,-1.0,0.129,0.129,0.0,0.794,0,0,0.0,Normal: lower setpoint 1.0°C (high humidity/heat)
2025-07-24 23:00:00,2025-07-24,23,RES_EP_001,normal,-1.0,0.238,0.238,0.0,0.662,0,0,0.0,Normal: lower setpoint 1.0°C (high humidity/heat)
2025-07-25 00:00:00,2025-07-25,0,RES_EP_001,normal,-1.0,0.384,0.384,0.0,0.532,0,0,0.0,Normal: lower setpoint 1.0°C (high humidity/heat)
2025-07-25 01:00:00,2025-07-25,1,RES_EP_001,normal,-1.0,0.574,0.574,0.0,0.512,0,0,0.0,Normal: lower setpoint 1.0°C (high humidity/heat)
2025-07-25 02:00:00,2025-07-25,2,RES_EP_001,normal,-1.0,0.604,0.604,0.0,0.496,0,0,0.0,Normal: lower setpoint 1.0°C (high humidity/heat)
2025-07-25 03:00:00,2025-07-25,3,RES_EP_001,normal,-1.0,0.088,0.088,0.0,0.454,0,0,0.0,Normal: lower setpoint 1.0°C (high humidity/heat)
2025-07-25 04:00:00,2025-07-25,4,RES_EP_001,normal,-1.0,0.309,0.309,0.0,0.49,0,0,0.0,Normal: lower setpoint 1.0°C (high humidity/heat)
2025-07-25 05:00:00,2025-07-25,5,RES_EP_001,normal,-1.0,0.04,0.04,0.0,0.517,0,0,0.0,Normal: lower setpoint 1.0°C (high humidity/heat)
2025-07-25 06:00:00,2025-07-25,6,RES_EP_001,normal,-1.0,0.333,0.333,0.0,0.699,0,0,0.0,Normal: lower setpoint 1.0°C (high humidity/heat)
2025-07-25 07:00:00,2025-07-25,7,RES_EP_001,normal,-1.0,0.58,0.58,0.0,0.749,0,0,0.0,Normal: lower setpoint 1.0°C (high humidity/heat)
2025-07-25 08:00:00,2025-07-25,8,RES_EP_001,normal,-1.0,0.0,0.0,0.0,0.824,0,0,0.0,Normal: lower setpoint 1.0°C (high humidity/heat)
2025-07-25 09:00:00,2025-07-25,9,RES_EP_001,normal,-1.0,0.649,0.649,0.0,0.896,0,0,0.0,Normal: lower setpoint 1.0°C (high humidity/heat)
2025-07-25 10:00:00,2025-07-25,10,RES_EP_001,pre_cool,-1.0,1.593,1.743,0.0,0.948,0,1,0.0,Pre-cool: lower setpoint 1.0°C (peak in ≤2h)
2025-07-25 11:00:00,2025-07-25,11,RES_EP_001,pre_cool,-1.0,2.258,2.408,0.0,0.984,0,1,0.04,Pre-cool: lower setpoint 1.0°C (peak in ≤2h)
2025-07-25 12:00:00,2025-07-25,12,RES_EP_001,peak_reduce,1.0,2.394,1.7955,0.5985,1.0,1,1,0.97,Peak reduce: raise setpoint 1.0°C (cut 25% load)
2025-07-25 13:00:00,2025-07-25,13,RES_EP_001,peak_reduce,1.0,2.588,1.941,0.647,1.0,1,1,1.0,Peak reduce: raise setpoint 1.0°C (cut 25% load)
2025-07-25 14:00:00,2025-07-25,14,RES_EP_001,peak_reduce,1.0,2.45,1.8375,0.6125,1.0,1,1,1.0,Peak reduce: raise setpoint 1.0°C (cut 25% load)
2025-07-25 15:00:00,2025-07-25,15,RES_EP_001,peak_reduce,1.0,2.492,1.869,0.623,1.0,1,1,1.0,Peak reduce: raise setpoint 1.0°C (cut 25% load)
2025-07-25 16:00:00,2025-07-25,16,RES_EP_001,peak_reduce,1.0,2.466,1.8495,0.6165,1.0,1,1,1.0,Peak reduce: raise setpoint 1.0°C (cut 25% load)
2025-07-25 17:00:00,2025-07-25,17,RES_EP_001,peak_reduce,1.0,1.977,1.4828,0.4942,1.0,1,1,1.0,Peak reduce: raise setpoint 1.0°C (cut 25% load)
2025-07-25 18:00:00,2025-07-25,18,RES_EP_001,peak_reduce,1.0,1.674,1.2555,0.4185,1.0,1,0,1.0,Peak reduce: raise setpoint 1.0°C (cut 25% load)
2025-07-25 19:00:00,2025-07-25,19,RES_EP_001,normal,0.0,1.044,1.044,0.0,1.0,0,0,0.22,Normal: hold current setpoint
2025-07-25 20:00:00,2025-07-25,20,RES_EP_001,normal,0.0,0.0,0.0,0.0,0.991,0,0,0.02,Normal: hold current setpoint
2025-07-25 21:00:00,2025-07-25,21,RES_EP_001,normal,-1.0,0.63,0.63,0.0,0.945,0,0,0.0,Normal: lower setpoint 1.0°C (high humidity/heat)
2025-07-25 22:00:00,2025-07-25,22,RES_EP_001,normal,-1.0,0.062,0.062,0.0,0.786,0,0,0.0,Normal: lower setpoint 1.0°C (high humidity/heat)
2025-07-25 23:00:00,2025-07-25,23,RES_EP_001,normal,-1.0,0.167,0.167,0.0,0.718,0,0,0.0,Normal: lower setpoint 1.0°C (high humidity/heat)
2025-07-26 00:00:00,2025-07-26,0,RES_EP_001,normal,-1.0,0.749,0.749,0.0,0.512,0,0,0.0,Normal: lower setpoint 1.0°C (high humidity/heat)
2025-07-26 01:00:00,2025-07-26,1,RES_EP_001,normal,-1.0,0.564,0.564,0.0,0.449,0,0,0.0,Normal: lower setpoint 1.0°C (high humidity/heat)
2025-07-26 02:00:00,2025-07-26,2,RES_EP_001,normal,-1.0,0.191,0.191,0.0,0.4,0,0,0.0,Normal: lower setpoint 1.0°C (high humidity/heat)
2025-07-26 03:00:00,2025-07-26,3,RES_EP_001,normal,-1.0,0.289,0.289,0.0,0.421,0,0,0.0,Normal: lower setpoint 1.0°C (high humidity/heat)
2025-07-26 04:00:00,2025-07-26,4,RES_EP_001,normal,-1.0,0.539,0.539,0.0,0.379,0,0,0.0,Normal: lower setpoint 1.0°C (high humidity/heat)
2025-07-26 05:00:00,2025-07-26,5,RES_EP_001,normal,-1.0,0.537,0.537,0.0,0.523,0,0,0.0,Normal: lower setpoint 1.0°C (high humidity/heat)
2025-07-26 06:00:00,2025-07-26,6,RES_EP_001,normal,-1.0,0.368,0.368,0.0,0.652,0,0,0.0,Normal: lower setpoint 1.0°C (high humidity/heat)
2025-07-26 07:00:00,2025-07-26,7,RES_EP_001,normal,-1.0,0.656,0.656,0.0,0.699,0,0,0.0,Normal: lower setpoint 1.0°C (high humidity/heat)
2025-07-26 08:00:00,2025-07-26,8,RES_EP_001,normal,-1.0,0.0,0.0,0.0,0.856,0,0,0.0,Normal: lower setpoint 1.0°C (high humidity/heat)
2025-07-26 09:00:00,2025-07-26,9,RES_EP_001,normal,-1.0,0.823,0.823,0.0,0.96,0,0,0.0,Normal: lower setpoint 1.0°C (high humidity/heat)
2025-07-26 10:00:00,2025-07-26,10,RES_EP_001,pre_cool,-1.0,1.364,1.514,0.0,0.936,0,1,0.0,Pre-cool: lower setpoint 1.0°C (peak in ≤2h)
2025-07-26 11:00:00,2025-07-26,11,RES_EP_001,pre_cool,-1.0,2.167,2.317,0.0,1.0,0,1,0.02,Pre-cool: lower setpoint 1.0°C (peak in ≤2h)
2025-07-26 12:00:00,2025-07-26,12,RES_EP_001,peak_reduce,1.0,2.537,1.9027,0.6343,1.0,1,1,0.91,Peak reduce: raise setpoint 1.0°C (cut 25% load)
2025-07-26 13:00:00,2025-07-26,13,RES_EP_001,peak_reduce,1.0,2.698,2.0235,0.6745,1.0,1,1,1.0,Peak reduce: raise setpoint 1.0°C (cut 25% load)
2025-07-26 14:00:00,2025-07-26,14,RES_EP_001,peak_reduce,1.0,2.848,2.136,0.712,1.0,1,1,1.0,Peak reduce: raise setpoint 1.0°C (cut 25% load)
2025-07-26 15:00:00,2025-07-26,15,RES_EP_001,peak_reduce,1.0,2.36,1.77,0.59,1.0,1,1,1.0,Peak reduce: raise setpoint 1.0°C (cut 25% load)
2025-07-26 16:00:00,2025-07-26,16,RES_EP_001,peak_reduce,1.0,2.084,1.563,0.521,1.0,1,1,1.0,Peak reduce: raise setpoint 1.0°C (cut 25% load)
2025-07-26 17:00:00,2025-07-26,17,RES_EP_001,peak_reduce,1.0,1.701,1.2757,0.4253,1.0,1,1,1.0,Peak reduce: raise setpoint 1.0°C (cut 25% load)
2025-07-26 18:00:00,2025-07-26,18,RES_EP_001,peak_reduce,1.0,1.317,0.9877,0.3293,1.0,1,0,0.85,Peak reduce: raise setpoint 1.0°C (cut 25% load)
2025-07-26 19:00:00,2025-07-26,19,RES_EP_001,normal,0.0,1.039,1.039,0.0,1.0,0,0,0.08,Normal: hold current setpoint
2025-07-26 20:00:00,2025-07-26,20,RES_EP_001,normal,-1.0,0.0,0.0,0.0,0.96,0,0,0.01,Normal: lower setpoint 1.0°C (high humidity/heat)
2025-07-26 21:00:00,2025-07-26,21,RES_EP_001,normal,-1.0,0.392,0.392,0.0,0.868,0,0,0.0,Normal: lower setpoint 1.0°C (high humidity/heat)
2025-07-26 22:00:00,2025-07-26,22,RES_EP_001,normal,-1.0,0.056,0.056,0.0,0.8,0,0,0.0,Normal: lower setpoint 1.0°C (high humidity/heat)
2025-07-26 23:00:00,2025-07-26,23,RES_EP_001,normal,-1.0,0.292,0.292,0.0,0.631,0,0,0.0,Normal: lower setpoint 1.0°C (high humidity/heat)
2025-07-27 00:00:00,2025-07-27,0,RES_EP_001,normal,-1.0,0.482,0.482,0.0,0.466,0,0,0.0,Normal: lower setpoint 1.0°C (high humidity/heat)
2025-07-27 01:00:00,2025-07-27,1,RES_EP_001,normal,-1.0,0.842,0.842,0.0,0.44,0,0,0.0,Normal: lower setpoint 1.0°C (high humidity/heat)
2025-07-27 02:00:00,2025-07-27,2,RES_EP_001,normal,-1.0,0.26,0.26,0.0,0.41,0,0,0.0,Normal: lower setpoint 1.0°C (high humidity/heat)
2025-07-27 03:00:00,2025-07-27,3,RES_EP_001,normal,-1.0,0.287,0.287,0.0,0.414,0,0,0.0,Normal: lower setpoint 1.0°C (high humidity/heat)
2025-07-27 04:00:00,2025-07-27,4,RES_EP_001,normal,-1.0,0.587,0.587,0.0,0.443,0,0,0.0,Normal: lower setpoint 1.0°C (high humidity/heat)
2025-07-27 05:00:00,2025-07-27,5,RES_EP_001,normal,-1.0,0.706,0.706,0.0,0.488,0,0,0.0,Normal: lower setpoint 1.0°C (high humidity/heat)
2025-07-27 06:00:00,2025-07-27,6,RES_EP_001,normal,-1.0,0.453,0.453,0.0,0.541,0,0,0.0,Normal: lower setpoint 1.0°C (high humidity/heat)
2025-07-27 07:00:00,2025-07-27,7,RES_EP_001,normal,-1.0,0.456,0.456,0.0,0.684,0,0,0.0,Normal: lower setpoint 1.0°C (high humidity/heat)
2025-07-27 08:00:00,2025-07-27,8,RES_EP_001,normal,-1.0,0.0,0.0,0.0,0.775,0,0,0.0,Normal: lower setpoint 1.0°C (high humidity/heat)
2025-07-27 09:00:00,2025-07-27,9,RES_EP_001,normal,-1.0,1.101,1.101,0.0,0.872,0,0,0.0,Normal: lower setpoint 1.0°C (high humidity/heat)
2025-07-27 10:00:00,2025-07-27,10,RES_EP_001,pre_cool,-1.0,1.838,1.988,0.0,0.948,0,1,0.0,Pre-cool: lower setpoint 1.0°C (peak in ≤2h)
2025-07-27 11:00:00,2025-07-27,11,RES_EP_001,pre_cool,-1.0,2.437,2.587,0.0,1.0,0,1,0.25,Pre-cool: lower setpoint 1.0°C (peak in ≤2h)
2025-07-27 12:00:00,2025-07-27,12,RES_EP_001,peak_reduce,1.0,2.19,1.6425,0.5475,1.0,1,1,1.0,Peak reduce: raise setpoint 1.0°C (cut 25% load)
2025-07-27 13:00:00,2025-07-27,13,RES_EP_001,peak_reduce,1.0,2.743,2.0572,0.6858,1.0,1,1,1.0,Peak reduce: raise setpoint 1.0°C (cut 25% load)
2025-07-27 14:00:00,2025-07-27,14,RES_EP_001,peak_reduce,1.0,2.488,1.866,0.622,1.0,1,1,1.0,Peak reduce: raise setpoint 1.0°C (cut 25% load)
2025-07-27 15:00:00,2025-07-27,15,RES_EP_001,peak_reduce,1.0,2.323,1.7422,0.5808,1.0,1,1,1.0,Peak reduce: raise setpoint 1.0°C (cut 25% load)
2025-07-27 16:00:00,2025-07-27,16,RES_EP_001,peak_reduce,1.0,2.035,1.5263,0.5087,1.0,1,1,1.0,Peak reduce: raise setpoint 1.0°C (cut 25% load)
2025-07-27 17:00:00,2025-07-27,17,RES_EP_001,peak_reduce,1.0,1.944,1.458,0.486,1.0,1,1,1.0,Peak reduce: raise setpoint 1.0°C (cut 25% load)
2025-07-27 18:00:00,2025-07-27,18,RES_EP_001,peak_reduce,1.0,1.746,1.3095,0.4365,1.0,1,0,0.91,Peak reduce: raise setpoint 1.0°C (cut 25% load)
2025-07-27 19:00:00,2025-07-27,19,RES_EP_001,normal,0.0,0.629,0.629,0.0,0.997,0,0,0.13,Normal: hold current setpoint
2025-07-27 20:00:00,2025-07-27,20,RES_EP_001,normal,-1.0,0.037,0.037,0.0,0.966,0,0,0.01,Normal: lower setpoint 1.0°C (high humidity/heat)
2025-07-27 21:00:00,2025-07-27,21,RES_EP_001,normal,-1.0,0.228,0.228,0.0,0.803,0,0,0.0,Normal: lower setpoint 1.0°C (high humidity/heat)
2025-07-27 22:00:00,2025-07-27,22,RES_EP_001,normal,-1.0,0.621,0.621,0.0,0.723,0,0,0.0,Normal: lower setpoint 1.0°C (high humidity/heat)
2025-07-27 23:00:00,2025-07-27,23,RES_EP_001,normal,-1.0,0.809,0.809,0.0,0.607,0,0,0.0,Normal: lower setpoint 1.0°C (high humidity/heat)
2025-07-28 00:00:00,2025-07-28,0,RES_EP_001,normal,-1.0,0.102,0.102,0.0,0.414,0,0,0.0,Normal: lower setpoint 1.0°C (high humidity/heat)
2025-07-28 01:00:00,2025-07-28,1,RES_EP_001,normal,-1.0,0.225,0.225,0.0,0.406,0,0,0.0,Normal: lower setpoint 1.0°C (high humidity/heat)
2025-07-28 02:00:00,2025-07-28,2,RES_EP_001,normal,-1.0,0.513,0.513,0.0,0.303,0,0,0.0,Normal: lower setpoint 1.0°C (high humidity/heat)
2025-07-28 03:00:00,2025-07-28,3,RES_EP_001,normal,-1.0,0.6,0.6,0.0,0.349,0,0,0.0,Normal: lower setpoint 1.0°C (high humidity/heat)
2025-07-28 04:00:00,2025-07-28,4,RES_EP_001,normal,-1.0,0.213,0.213,0.0,0.436,0,0,0.0,Normal: lower setpoint 1.0°C (high humidity/heat)
2025-07-28 05:00:00,2025-07-28,5,RES_EP_001,normal,-1.0,0.62,0.62,0.0,0.461,0,0,0.0,Normal: lower setpoint 1.0°C (high humidity/heat)
2025-07-28 06:00:00,2025-07-28,6,RES_EP_001,normal,-1.0,0.415,0.415,0.0,0.482,0,0,0.0,Normal: lower setpoint 1.0°C (high humidity/heat)
2025-07-28 07:00:00,2025-07-28,7,RES_EP_001,normal,-1.0,0.343,0.343,0.0,0.64,0,0,0.0,Normal: lower setpoint 1.0°C (high humidity/heat)
2025-07-28 08:00:00,2025-07-28,8,RES_EP_001,normal,-1.0,0.121,0.121,0.0,0.763,0,0,0.0,Normal: lower setpoint 1.0°C (high humidity/heat)
2025-07-28 09:00:00,2025-07-28,9,RES_EP_001,normal,-1.0,0.685,0.685,0.0,0.836,0,0,0.0,Normal: lower setpoint 1.0°C (high humidity/heat)
2025-07-28 10:00:00,2025-07-28,10,RES_EP_001,pre_cool,-1.0,1.333,1.483,0.0,0.916,0,1,0.0,Pre-cool: lower setpoint 1.0°C (peak in ≤2h)
2025-07-28 11:00:00,2025-07-28,11,RES_EP_001,pre_cool,-1.0,1.97,2.12,0.0,1.0,0,1,0.01,Pre-cool: lower setpoint 1.0°C (peak in ≤2h)
2025-07-28 12:00:00,2025-07-28,12,RES_EP_001,peak_reduce,1.0,2.143,1.6072,0.5358,1.0,1,1,0.69,Peak reduce: raise setpoint 1.0°C (cut 25% load)
2025-07-28 13:00:00,2025-07-28,13,RES_EP_001,peak_reduce,1.0,2.46,1.845,0.615,1.0,1,1,1.0,Peak reduce: raise setpoint 1.0°C (cut 25% load)
2025-07-28 14:00:00,2025-07-28,14,RES_EP_001,peak_reduce,1.0,1.945,1.4587,0.4863,1.0,1,1,1.0,Peak reduce: raise setpoint 1.0°C (cut 25% load)
2025-07-28 15:00:00,2025-07-28,15,RES_EP_001,peak_reduce,1.0,2.508,1.881,0.627,1.0,1,1,1.0,Peak reduce: raise setpoint 1.0°C (cut 25% load)
2025-07-28 16:00:00,2025-07-28,16,RES_EP_001,peak_reduce,1.0,1.944,1.458,0.486,1.0,1,1,1.0,Peak reduce: raise setpoint 1.0°C (cut 25% load)
2025-07-28 17:00:00,2025-07-28,17,RES_EP_001,peak_reduce,1.0,1.843,1.3822,0.4608,1.0,1,1,1.0,Peak reduce: raise setpoint 1.0°C (cut 25% load)
2025-07-28 18:00:00,2025-07-28,18,RES_EP_001,peak_reduce,1.0,1.53,1.1475,0.3825,1.0,1,0,0.9,Peak reduce: raise setpoint 1.0°C (cut 25% load)
2025-07-28 19:00:00,2025-07-28,19,RES_EP_001,normal,0.0,1.17,1.17,0.0,1.0,0,0,0.04,Normal: hold current setpoint
2025-07-28 20:00:00,2025-07-28,20,RES_EP_001,normal,0.0,0.224,0.224,0.0,0.961,0,0,0.02,Normal: hold current setpoint
2025-07-28 21:00:00,2025-07-28,21,RES_EP_001,normal,-1.0,0.04,0.04,0.0,0.829,0,0,0.0,Normal: lower setpoint 1.0°C (high humidity/heat)
2025-07-28 22:00:00,2025-07-28,22,RES_EP_001,normal,-1.0,0.386,0.386,0.0,0.646,0,0,0.0,Normal: lower setpoint 1.0°C (high humidity/heat)
2025-07-28 23:00:00,2025-07-28,23,RES_EP_001,normal,-1.0,0.581,0.581,0.0,0.582,0,0,0.0,Normal: lower setpoint 1.0°C (high humidity/heat)
2025-07-29 00:00:00,2025-07-29,0,RES_EP_001,normal,-1.0,0.723,0.723,0.0,0.381,0,0,0.0,Normal: lower setpoint 1.0°C (high humidity/heat)
2025-07-29 01:00:00,2025-07-29,1,RES_EP_001,normal,-1.0,0.536,0.536,0.0,0.413,0,0,0.0,Normal: lower setpoint 1.0°C (high humidity/heat)
2025-07-29 02:00:00,2025-07-29,2,RES_EP_001,normal,-1.0,0.252,0.252,0.0,0.31,0,0,0.0,Normal: lower setpoint 1.0°C (high humidity/heat)
2025-07-29 03:00:00,2025-07-29,3,RES_EP_001,normal,-1.0,0.397,0.397,0.0,0.303,0,0,0.0,Normal: lower setpoint 1.0°C (high humidity/heat)
2025-07-29 04:00:00,2025-07-29,4,RES_EP_001,normal,-1.0,0.348,0.348,0.0,0.32,0,0,0.0,Normal: lower setpoint 1.0°C (high humidity/heat)
2025-07-29 05:00:00,2025-07-29,5,RES_EP_001,normal,-1.0,0.319,0.319,0.0,0.376,0,0,0.0,Normal: lower setpoint 1.0°C (high humidity/heat)
2025-07-29 06:00:00,2025-07-29,6,RES_EP_001,normal,-1.0,0.184,0.184,0.0,0.481,0,0,0.0,Normal: lower setpoint 1.0°C (high humidity/heat)
2025-07-29 07:00:00,2025-07-29,7,RES_EP_001,normal,-1.0,0.233,0.233,0.0,0.661,0,0,0.0,Normal: lower setpoint 1.0°C (high humidity/heat)
2025-07-29 08:00:00,2025-07-29,8,RES_EP_001,normal,-1.0,0.0,0.0,0.0,0.682,0,0,0.0,Normal: lower setpoint 1.0°C (high humidity/heat)
2025-07-29 09:00:00,2025-07-29,9,RES_EP_001,normal,-1.0,0.779,0.779,0.0,0.872,0,0,0.0,Normal: lower setpoint 1.0°C (high humidity/heat)
2025-07-29 10:00:00,2025-07-29,10,RES_EP_001,pre_cool,-1.0,1.7,1.85,0.0,0.84,0,1,0.0,Pre-cool: lower setpoint 1.0°C (peak in ≤2h)
2025-07-29 11:00:00,2025-07-29,11,RES_EP_001,pre_cool,-1.0,2.166,2.316,0.0,0.976,0,1,0.02,Pre-cool: lower setpoint 1.0°C (peak in ≤2h)
2025-07-29 12:00:00,2025-07-29,12,RES_EP_001,peak_reduce,1.0,2.704,2.028,0.676,1.0,1,1,0.98,Peak reduce: raise setpoint 1.0°C (cut 25% load)
2025-07-29 13:00:00,2025-07-29,13,RES_EP_001,peak_reduce,1.0,2.99,2.2425,0.7475,1.0,1,1,1.0,Peak reduce: raise setpoint 1.0°C (cut 25% load)
2025-07-29 14:00:00,2025-07-29,14,RES_EP_001,peak_reduce,1.0,2.546,1.9095,0.6365,1.0,1,1,1.0,Peak reduce: raise setpoint 1.0°C (cut 25% load)
2025-07-29 15:00:00,2025-07-29,15,RES_EP_001,peak_reduce,1.0,2.283,1.7123,0.5707,1.0,1,1,1.0,Peak reduce: raise setpoint 1.0°C (cut 25% load)
2025-07-29 16:00:00,2025-07-29,16,RES_EP_001,peak_reduce,1.0,2.303,1.7272,0.5758,1.0,1,1,1.0,Peak reduce: raise setpoint 1.0°C (cut 25% load)
2025-07-29 17:00:00,2025-07-29,17,RES_EP_001,peak_reduce,1.0,1.91,1.4325,0.4775,1.0,1,1,1.0,Peak reduce: raise setpoint 1.0°C (cut 25% load)
2025-07-29 18:00:00,2025-07-29,18,RES_EP_001,peak_reduce,1.0,1.533,1.1498,0.3832,1.0,1,0,0.95,Peak reduce: raise setpoint 1.0°C (cut 25% load)
2025-07-29 19:00:00,2025-07-29,19,RES_EP_001,normal,0.0,1.251,1.251,0.0,0.988,0,0,0.11,Normal: hold current setpoint
2025-07-29 20:00:00,2025-07-29,20,RES_EP_001,normal,-1.0,0.029,0.029,0.0,0.922,0,0,0.0,Normal: lower setpoint 1.0°C (high humidity/heat)
2025-07-29 21:00:00,2025-07-29,21,RES_EP_001,normal,-1.0,0.506,0.506,0.0,0.727,0,0,0.0,Normal: lower setpoint 1.0°C (high humidity/heat)
2025-07-29 22:00:00,2025-07-29,22,RES_EP_001,normal,-1.0,0.304,0.304,0.0,0.678,0,0,0.0,Normal: lower setpoint 1.0°C (high humidity/heat)
2025-07-29 23:00:00,2025-07-29,23,RES_EP_001,normal,-1.0,0.376,0.376,0.0,0.587,0,0,0.0,Normal: lower setpoint 1.0°C (high humidity/heat)
2025-07-30 00:00:00,2025-07-30,0,RES_EP_001,normal,-1.0,0.644,0.644,0.0,0.44,0,0,0.0,Normal: lower setpoint 1.0°C (high humidity/heat)
2025-07-30 01:00:00,2025-07-30,1,RES_EP_001,normal,-1.0,0.788,0.788,0.0,0.366,0,0,0.0,Normal: lower setpoint 1.0°C (high humidity/heat)
2025-07-30 02:00:00,2025-07-30,2,RES_EP_001,normal,-1.0,0.501,0.501,0.0,0.261,0,0,0.0,Normal: lower setpoint 1.0°C (high humidity/heat)
2025-07-30 03:00:00,2025-07-30,3,RES_EP_001,normal,-1.0,0.369,0.369,0.0,0.288,0,0,0.0,Normal: lower setpoint 1.0°C (high humidity/heat)
2025-07-30 04:00:00,2025-07-30,4,RES_EP_001,normal,-1.0,0.465,0.465,0.0,0.306,0,0,0.0,Normal: lower setpoint 1.0°C (high humidity/heat)
2025-07-30 05:00:00,2025-07-30,5,RES_EP_001,normal,-1.0,0.628,0.628,0.0,0.404,0,0,0.0,Normal: lower setpoint 1.0°C (high humidity/heat)
2025-07-30 06:00:00,2025-07-30,6,RES_EP_001,normal,-1.0,0.377,0.377,0.0,0.371,0,0,0.0,Normal: lower setpoint 1.0°C (high humidity/heat)
2025-07-30 07:00:00,2025-07-30,7,RES_EP_001,normal,-1.0,0.698,0.698,0.0,0.583,0,0,0.0,Normal: lower setpoint 1.0°C (high humidity/heat)
2025-07-30 08:00:00,2025-07-30,8,RES_EP_001,normal,-1.0,0.099,0.099,0.0,0.669,0,0,0.0,Normal: lower setpoint 1.0°C (high humidity/heat)
2025-07-30 09:00:00,2025-07-30,9,RES_EP_001,normal,-1.0,0.874,0.874,0.0,0.76,0,0,0.0,Normal: lower setpoint 1.0°C (high humidity/heat)
2025-07-30 10:00:00,2025-07-30,10,RES_EP_001,pre_cool,-1.0,1.5,1.65,0.0,0.88,0,1,0.0,Pre-cool: lower setpoint 1.0°C (peak in ≤2h)
2025-07-30 11:00:00,2025-07-30,11,RES_EP_001,pre_cool,-1.0,2.344,2.494,0.0,0.952,0,1,0.01,Pre-cool: lower setpoint 1.0°C (peak in ≤2h)
2025-07-30 12:00:00,2025-07-30,12,RES_EP_001,comfort_override,-0.5,2.274,2.274,0.0,0.988,1,1,0.89,Comfort override: hold cooling (humidity too high)
2025-07-30 13:00:00,2025-07-30,13,RES_EP_001,peak_reduce,1.0,2.265,1.6987,0.5663,1.0,1,1,1.0,Peak reduce: raise setpoint 1.0°C (cut 25% load)
2025-07-30 14:00:00,2025-07-30,14,RES_EP_001,peak_reduce,1.0,2.403,1.8022,0.6008,1.0,1,1,1.0,Peak reduce: raise setpoint 1.0°C (cut 25% load)
2025-07-30 15:00:00,2025-07-30,15,RES_EP_001,peak_reduce,1.0,2.585,1.9387,0.6463,1.0,1,1,1.0,Peak reduce: raise setpoint 1.0°C (cut 25% load)
2025-07-30 16:00:00,2025-07-30,16,RES_EP_001,peak_reduce,1.0,2.241,1.6808,0.5602,1.0,1,1,1.0,Peak reduce: raise setpoint 1.0°C (cut 25% load)
2025-07-30 17:00:00,2025-07-30,17,RES_EP_001,peak_reduce,1.0,2.205,1.6538,0.5512,1.0,1,1,1.0,Peak reduce: raise setpoint 1.0°C (cut 25% load)
2025-07-30 18:00:00,2025-07-30,18,RES_EP_001,peak_reduce,1.0,1.309,0.9817,0.3273,1.0,1,0,0.97,Peak reduce: raise setpoint 1.0°C (cut 25% load)
2025-07-30 19:00:00,2025-07-30,19,RES_EP_001,normal,0.0,0.908,0.908,0.0,1.0,0,0,0.05,Normal: hold current setpoint
2025-07-30 20:00:00,2025-07-30,20,RES_EP_001,normal,-1.0,0.0,0.0,0.0,0.879,0,0,0.0,Normal: lower setpoint 1.0°C (high humidity/heat)
2025-07-30 21:00:00,2025-07-30,21,RES_EP_001,normal,-1.0,0.42,0.42,0.0,0.713,0,0,0.0,Normal: lower setpoint 1.0°C (high humidity/heat)
2025-07-30 22:00:00,2025-07-30,22,RES_EP_001,normal,-1.0,0.339,0.339,0.0,0.59,0,0,0.0,Normal: lower setpoint 1.0°C (high humidity/heat)
2025-07-30 23:00:00,2025-07-30,23,RES_EP_001,normal,-1.0,0.167,0.167,0.0,0.493,0,0,0.0,Normal: lower setpoint 1.0°C (high humidity/heat)
